distance,State,County,rdName,rdNumber,rdDirection,tmc,dYear,dMonth,dWeekday,HR24_passVeh,HR24_allVeh,HR24_freight,HR1_passVeh,HR1_allVeh,HR1_freight,HR2_passVeh,HR2_allVeh,HR2_freight,HR3_passVeh,HR3_allVeh,HR3_freight,HR4_passVeh,HR4_allVeh,HR4_freight,HR5_passVeh,HR5_allVeh,HR5_freight,HR6_passVeh,HR6_allVeh,HR6_freight,HR7_passVeh,HR7_allVeh,HR7_freight,HR8_passVeh,HR8_allVeh,HR8_freight,HR9_passVeh,HR9_allVeh,HR9_freight,HR10_passVeh,HR10_allVeh,HR10_freight,HR11_passVeh,HR11_allVeh,HR11_freight,HR12_passVeh,HR12_allVeh,HR12_freight,HR13_passVeh,HR13_allVeh,HR13_freight,HR14_passVeh,HR14_allVeh,HR14_freight,HR15_passVeh,HR15_allVeh,HR15_freight,HR16_passVeh,HR16_allVeh,HR16_freight,HR17_passVeh,HR17_allVeh,HR17_freight,HR18_passVeh,HR18_allVeh,HR18_freight,HR19_passVeh,HR19_allVeh,HR19_freight,HR20_passVeh,HR20_allVeh,HR20_freight,HR21_passVeh,HR21_allVeh,HR21_freight,HR22_passVeh,HR22_allVeh,HR22_freight,HR23_passVeh,HR23_allVeh,HR23_freight
1.629651,NJ,MIDDLESEX,"RIVER RD",622,EASTBOUND,120-07491,2019,01,Tuesday,37,37,NULL,34,34,33,39,39,NULL,39,39,NULL,35,34,33,31,31,33,31,31,38,34,34,32,34,34,33,37,37,35,36,36,35,35,34,31,35,35,35,38,37,36,35,35,30,35,35,35,37,36,35,36,36,35,36,36,NULL,35,35,NULL,38,38,NULL,37,37,NULL,55,43,33,55,44,32
0.064815,NJ,MIDDLESEX,"RIVER RD",622,EASTBOUND,120-07490,2019,01,Tuesday,45,33,28,40,33,28,39,28,27,34,31,27,34,33,32,34,31,28,31,31,30,30,29,25,28,27,25,30,30,29,32,30,27,33,32,28,32,32,31,33,32,31,32,31,27,34,33,30,31,30,26,29,29,25,29,29,26,32,31,28,32,31,29,33,31,28,35,32,30,35,31,27
0.536989,NY,KINGS,"COURT ST",0,SOUTHBOUND,120-18149,2019,01,Tuesday,16,16,NULL,17,17,NULL,21,21,NULL,13,13,NULL,15,15,NULL,11,11,NULL,12,12,NULL,9,9,NULL,11,11,NULL,12,12,NULL,10,10,14,10,10,8,10,10,NULL,10,10,15,12,12,NULL,11,11,NULL,12,12,NULL,11,11,NULL,11,11,NULL,13,13,NULL,16,16,NULL,15,15,NULL,15,15,NULL,17,17,NULL
0.03146,NY,"NEW YORK",NJ-495,495,WESTBOUND,120+04767,2019,01,Tuesday,40,40,NULL,41,41,NULL,34,34,NULL,38,38,NULL,46,45,32,41,42,35,39,39,36,34,34,27,30,30,25,30,29,24,35,34,27,33,33,32,30,30,28,32,32,26,27,27,24,24,24,26,24,24,28,25,25,24,31,31,30,36,36,32,36,36,34,38,38,32,40,39,34,40,40,32
0.528787,NY,KINGS,"COURT ST",0,SOUTHBOUND,120-18148,2019,01,Tuesday,18,18,NULL,20,20,NULL,19,19,NULL,10,10,NULL,14,14,NULL,14,14,NULL,15,15,NULL,12,12,NULL,14,14,NULL,12,12,NULL,13,13,13,13,13,8,12,12,8,14,14,19,15,15,NULL,13,13,NULL,13,13,NULL,13,13,NULL,14,14,NULL,16,16,NULL,13,13,NULL,17,17,NULL,18,18,NULL,18,18,NULL
0.464624,NJ,HUDSON,NJ-495,495,WESTBOUND,120+04769,2019,01,Tuesday,41,41,39,40,40,40,40,40,34,38,38,37,40,38,29,37,37,29,31,31,29,22,23,22,22,22,18,30,29,25,37,37,31,37,37,32,37,37,30,38,38,37,37,37,32,22,22,20,24,24,21,22,22,19,31,31,28,37,37,33,38,38,30,39,39,34,40,40,35,39,39,34
0.072607,NY,SUFFOLK,NY-27,27,WESTBOUND,120+04763,2019,01,Tuesday,61,61,61,62,62,NULL,59,59,58,59,58,60,66,66,60,64,64,64,61,61,56,51,51,48,54,54,50,63,63,65,64,64,56,64,64,59,64,64,61,65,65,63,64,64,58,63,63,57,62,62,58,61,61,48,63,63,58,64,64,NULL,63,63,NULL,66,66,NULL,63,63,NULL,66,65,61
0.417015,NJ,SOMERSET,US-206,206,SOUTHBOUND,120-07499,2019,01,Tuesday,48,48,47,47,48,52,51,49,43,48,47,43,52,52,47,52,51,11,46,45,45,37,37,31,36,36,31,40,39,38,40,39,35,39,39,34,43,42,39,42,42,48,43,43,41,41,40,40,43,42,35,41,40,37,45,45,38,46,46,37,51,51,43,49,49,40,54,53,44,57,47,45
3.339422,NJ,SOMERSET,US-206,206,SOUTHBOUND,120-07498,2019,01,Tuesday,36,34,30,37,38,42,39,36,26,40,39,29,44,43,39,40,40,31,36,36,38,29,29,27,27,27,23,30,30,25,31,31,28,29,29,27,29,29,27,28,28,24,28,28,32,27,26,24,24,24,25,21,21,22,23,23,20,29,29,23,33,32,28,36,36,27,36,36,33,41,38,36
0.216958,NY,SUFFOLK,NY-27,27,WESTBOUND,120+04764,2019,01,Tuesday,57,58,62,60,60,NULL,58,58,57,56,56,60,61,60,58,62,61,62,57,57,54,44,44,33,48,48,40,59,59,54,62,62,60,60,60,48,62,61,47,62,62,60,61,61,62,59,59,48,56,56,62,56,56,35,59,59,58,60,60,NULL,59,59,NULL,62,62,NULL,61,61,NULL,65,65,62
0.132464,NY,SUFFOLK,NY-27,27,WESTBOUND,120+04765,2019,01,Tuesday,58,59,64,60,60,NULL,62,61,56,58,59,63,62,62,63,64,63,55,56,56,51,41,41,30,41,41,32,58,58,65,64,64,60,63,63,61,64,64,56,64,64,63,63,63,62,62,62,57,59,59,60,52,52,41,62,62,59,63,63,NULL,63,63,NULL,65,65,NULL,65,65,NULL,65,65,62
1.413004,NJ,SOMERSET,US-206,206,SOUTHBOUND,120-07497,2019,01,Tuesday,40,41,39,40,41,41,43,39,32,47,47,47,38,38,40,38,38,35,36,37,39,28,28,31,25,24,19,38,36,29,35,35,36,34,34,30,33,32,25,34,34,32,32,31,28,31,31,26,31,31,27,27,27,26,28,28,22,34,34,30,34,34,26,36,36,25,43,42,33,44,43,41
1.108346,NJ,SOMERSET,US-206,206,SOUTHBOUND,120-07496,2019,01,Tuesday,40,42,46,41,41,41,41,39,31,46,43,38,42,42,NULL,39,40,40,38,38,40,28,28,24,29,29,31,36,36,34,39,38,35,37,37,35,38,38,36,38,38,35,37,37,36,37,37,33,30,30,26,30,30,30,29,29,30,35,35,34,39,39,36,41,41,34,44,43,41,46,42,38
0.714925,NJ,SOMERSET,US-206,206,SOUTHBOUND,120-07495,2019,01,Tuesday,36,38,40,44,40,32,39,39,NULL,36,37,38,41,41,NULL,44,43,34,36,37,42,34,34,32,34,34,36,39,39,30,38,38,37,38,38,37,37,37,37,36,36,33,39,39,39,35,35,32,35,35,27,35,35,29,32,31,27,33,33,31,38,38,38,42,40,7,38,39,46,46,41,37
3.034534,NJ,SOMERSET,US-206,206,SOUTHBOUND,120-07494,2019,01,Tuesday,36,38,41,41,41,42,35,35,NULL,46,42,38,41,41,NULL,47,47,43,42,42,40,34,34,33,32,32,34,39,39,33,42,42,39,43,43,42,43,42,38,41,41,35,42,41,38,40,40,40,39,39,39,38,38,33,38,38,33,39,39,39,40,39,39,42,42,NULL,44,44,45,46,43,41
0.182727,NY,SUFFOLK,NY-27,27,WESTBOUND,120+04760,2019,01,Tuesday,57,58,61,59,59,NULL,62,62,64,59,58,54,64,64,70,64,64,62,60,60,52,57,57,54,60,60,55,62,62,62,62,62,53,62,62,62,62,62,54,62,62,58,63,63,61,61,61,55,61,61,56,61,61,57,59,59,58,62,62,NULL,62,62,NULL,63,63,NULL,65,65,NULL,66,66,62
0.997108,NJ,SOMERSET,US-206,206,SOUTHBOUND,120-07493,2019,01,Tuesday,36,33,29,29,32,40,26,26,NULL,34,36,38,35,33,27,42,41,41,33,33,32,23,23,20,17,17,12,21,21,17,33,33,27,30,31,29,29,29,25,28,27,16,26,26,25,27,28,34,17,17,13,21,21,19,17,18,21,32,31,28,32,32,34,37,37,NULL,39,39,39,36,37,38
0.464232,NY,SUFFOLK,NY-27,27,WESTBOUND,120+04761,2019,01,Tuesday,59,59,61,59,59,NULL,62,62,59,59,59,56,65,65,88,63,63,63,61,61,55,55,54,48,58,58,46,63,63,61,63,63,56,63,63,58,63,63,56,64,64,56,64,64,61,62,62,58,62,62,57,62,62,54,62,62,58,63,63,NULL,64,64,NULL,66,66,NULL,63,63,NULL,67,66,62
0.017684,NY,SUFFOLK,NY-27,27,WESTBOUND,120+04762,2019,01,Tuesday,62,61,61,60,60,NULL,60,60,58,58,58,63,66,66,70,64,64,61,61,60,56,53,53,49,56,56,52,63,63,60,64,63,57,63,63,60,63,63,62,64,64,56,64,64,58,63,63,61,61,61,57,61,61,54,62,62,58,63,63,NULL,62,62,NULL,66,66,NULL,62,62,NULL,66,66,61
0.871181,NJ,SOMERSET,US-206,206,SOUTHBOUND,120-07492,2019,01,Tuesday,35,37,38,42,41,41,NULL,NULL,NULL,40,37,31,NULL,26,26,34,36,39,31,31,34,25,25,26,27,27,24,26,26,26,25,25,27,26,26,19,24,24,29,23,24,21,25,25,25,22,22,23,25,26,23,20,20,18,22,22,19,26,26,25,31,31,32,34,34,NULL,36,35,28,34,33,31
0.27633,NY,BRONX,"GRAND CONCOURSE",0,SOUTHBOUND,120-19470,2019,01,Tuesday,22,22,NULL,21,21,NULL,26,26,NULL,17,17,NULL,19,19,NULL,20,20,NULL,23,23,NULL,19,19,NULL,18,18,NULL,18,18,NULL,19,19,NULL,18,18,NULL,15,15,NULL,16,16,NULL,16,16,NULL,12,12,NULL,15,15,NULL,16,16,NULL,19,19,NULL,19,19,NULL,17,17,NULL,21,21,NULL,20,20,NULL,18,18,NULL
0.009681,NY,"NEW YORK","1ST AVE",0,NORTHBOUND,120P06965,2019,01,Tuesday,NULL,NULL,NULL,NULL,NULL,NULL,NULL,NULL,NULL,22,22,NULL,15,15,NULL,NULL,NULL,NULL,12,12,NULL,16,16,NULL,16,16,NULL,17,17,NULL,23,23,NULL,15,15,NULL,11,11,NULL,18,18,NULL,20,20,NULL,16,16,NULL,20,20,NULL,19,19,NULL,22,22,NULL,21,21,NULL,18,18,NULL,18,18,NULL,19,19,NULL,11,11,NULL
0.215491,NJ,MIDDLESEX,"POSSUMTOWN RD",1600,WESTBOUND,120+16759,2019,01,Tuesday,32,28,23,34,34,NULL,38,32,30,34,34,NULL,37,33,22,37,32,24,35,33,22,29,29,16,30,29,24,34,30,25,33,31,29,30,29,27,32,31,24,31,30,26,33,31,23,32,31,24,29,28,20,26,26,13,28,27,21,32,32,NULL,32,32,21,32,32,32,41,41,NULL,26,31,36
1.009305,NY,SUFFOLK,"N COUNTRY RD",25,WESTBOUND,120-18145,2019,01,Tuesday,NULL,NULL,NULL,NULL,NULL,NULL,NULL,NULL,NULL,NULL,NULL,NULL,NULL,NULL,NULL,NULL,NULL,NULL,NULL,NULL,NULL,NULL,NULL,NULL,29,29,17,29,29,NULL,28,28,NULL,35,35,NULL,34,34,NULL,26,26,31,30,30,NULL,35,35,NULL,31,31,NULL,29,29,NULL,31,31,NULL,39,39,NULL,14,14,NULL,38,38,NULL,NULL,NULL,NULL,NULL,NULL,NULL
3.390703,NY,SUFFOLK,"N COUNTRY RD",25,WESTBOUND,120-18144,2019,01,Tuesday,NULL,NULL,NULL,NULL,NULL,NULL,NULL,NULL,NULL,NULL,NULL,NULL,27,27,NULL,28,28,NULL,27,27,NULL,28,28,NULL,33,33,28,31,31,NULL,28,28,NULL,31,31,32,31,31,NULL,31,31,NULL,26,25,19,31,31,NULL,30,30,NULL,28,28,NULL,29,29,NULL,29,29,NULL,33,33,NULL,36,36,NULL,42,42,NULL,20,20,NULL
0.012688,NY,"NEW YORK","W 66TH ST",0,WESTBOUND,120P17617,2019,01,Tuesday,9,9,NULL,10,10,NULL,11,11,NULL,20,20,NULL,19,19,NULL,12,12,NULL,8,8,NULL,9,9,NULL,7,7,NULL,9,9,NULL,8,8,NULL,10,10,NULL,8,8,NULL,7,7,NULL,6,6,NULL,8,8,NULL,9,9,NULL,11,11,NULL,8,8,NULL,8,8,NULL,10,10,NULL,8,8,NULL,10,10,NULL,14,14,NULL
0.107926,NY,KINGS,"JAMAICA AVE",0,WESTBOUND,120-19476,2019,01,Tuesday,21,21,NULL,20,20,NULL,22,22,NULL,13,13,NULL,22,22,NULL,18,18,NULL,11,11,NULL,12,12,NULL,11,11,NULL,10,10,NULL,11,11,NULL,11,11,NULL,12,12,NULL,12,12,NULL,11,11,NULL,11,11,NULL,10,10,NULL,11,11,NULL,9,9,NULL,13,13,NULL,16,16,NULL,19,19,NULL,15,15,NULL,21,21,NULL
0.614405,NY,BRONX,"GRAND CONCOURSE",0,SOUTHBOUND,120-19471,2019,01,Tuesday,16,16,NULL,20,20,NULL,23,23,NULL,15,15,NULL,22,22,19,24,23,21,22,22,NULL,14,14,NULL,14,14,NULL,15,15,NULL,14,14,NULL,13,13,NULL,14,14,NULL,11,11,NULL,12,12,NULL,12,12,NULL,13,13,NULL,12,12,NULL,16,16,NULL,17,17,NULL,15,15,NULL,13,13,NULL,16,16,NULL,15,15,NULL
1.021963,NJ,BERGEN,"PALISADES INTERSTATE PKWY",445,NORTHBOUND,120+04778,2019,01,Tuesday,63,63,NULL,61,61,NULL,65,65,NULL,62,62,NULL,59,59,NULL,59,59,NULL,61,61,NULL,64,64,NULL,63,63,NULL,64,64,NULL,64,64,NULL,64,64,NULL,64,64,NULL,64,64,NULL,64,64,38,64,64,NULL,61,61,NULL,57,57,NULL,56,56,NULL,60,60,NULL,61,61,NULL,62,62,NULL,63,63,NULL,63,63,NULL
1.018253,NY,KINGS,"CROPSEY AVE",0,SOUTHBOUND,120-18159,2019,01,Tuesday,21,21,NULL,15,15,11,19,19,NULL,16,16,NULL,12,12,NULL,13,13,16,12,12,NULL,11,11,11,12,12,NULL,12,12,12,12,12,11,13,13,NULL,12,12,NULL,12,12,NULL,12,12,NULL,13,13,5,13,13,NULL,13,13,NULL,13,13,NULL,15,15,NULL,13,13,NULL,14,14,12,14,13,12,18,18,NULL
0.453825,NJ,BERGEN,"PALISADES INTERSTATE PKWY",445,NORTHBOUND,120+04779,2019,01,Tuesday,65,65,NULL,64,64,NULL,67,67,NULL,63,63,NULL,62,62,NULL,65,65,NULL,66,66,NULL,69,69,NULL,69,69,NULL,66,66,NULL,67,67,NULL,67,67,NULL,67,67,NULL,67,67,NULL,68,68,NULL,68,68,NULL,66,66,NULL,62,62,NULL,59,59,NULL,62,62,NULL,64,64,NULL,65,65,NULL,65,65,NULL,65,65,NULL
1.425966,NJ,HUNTERDON,I-78,78,WESTBOUND,120-06178,2019,01,Tuesday,66,65,65,66,65,65,65,64,63,67,65,65,65,65,64,66,65,64,66,65,64,68,65,64,68,66,64,66,64,63,66,65,63,67,65,63,67,65,63,68,66,63,68,66,63,66,64,62,58,57,55,57,56,54,63,61,58,65,63,61,67,65,63,68,66,64,68,65,63,66,64,63
0.497606,NJ,BERGEN,"PALISADES INTERSTATE PKWY",445,NORTHBOUND,120+04774,2019,01,Tuesday,46,46,NULL,49,49,NULL,44,44,NULL,52,52,NULL,42,42,NULL,50,50,NULL,46,46,NULL,43,43,NULL,40,40,NULL,43,43,NULL,44,44,NULL,42,42,NULL,42,42,NULL,43,43,NULL,44,44,51,40,40,NULL,39,39,22,39,39,NULL,38,38,NULL,43,43,NULL,45,45,NULL,45,45,NULL,43,43,NULL,47,47,NULL
0.147812,NJ,SOMERSET,I-78,78,WESTBOUND,120-06179,2019,01,Tuesday,66,65,64,66,65,65,65,64,64,67,66,65,66,64,64,67,65,64,68,65,64,68,65,63,69,66,63,67,64,62,67,65,64,68,66,64,68,66,64,68,66,63,69,66,63,66,64,62,57,55,53,58,56,54,64,61,59,66,63,61,69,66,65,69,67,64,68,65,64,66,65,64
1.466802,NJ,BERGEN,"PALISADES INTERSTATE PKWY",445,NORTHBOUND,120+04775,2019,01,Tuesday,58,58,NULL,56,56,NULL,57,57,NULL,55,55,NULL,54,54,NULL,56,56,NULL,55,55,NULL,56,56,NULL,56,56,NULL,56,56,NULL,56,56,NULL,59,59,NULL,57,57,NULL,57,57,NULL,56,57,56,55,55,NULL,54,54,46,50,50,NULL,49,49,NULL,54,54,NULL,53,53,NULL,55,55,NULL,57,57,NULL,55,55,NULL
1.85624,NJ,HUNTERDON,I-78,78,WESTBOUND,120-06176,2019,01,Tuesday,64,61,61,63,63,62,64,61,60,63,62,61,62,62,62,63,62,60,63,62,61,65,62,60,66,63,61,65,62,61,65,63,61,66,63,61,65,63,61,66,63,60,67,64,61,64,62,59,56,54,52,56,54,52,63,59,57,64,61,59,66,62,60,65,63,61,64,62,60,64,62,61
5.436008,NJ,BERGEN,"PALISADES INTERSTATE PKWY",445,NORTHBOUND,120+04776,2019,01,Tuesday,63,63,NULL,61,61,NULL,64,64,NULL,61,61,NULL,58,58,NULL,62,62,NULL,62,62,NULL,64,64,NULL,64,64,NULL,62,62,NULL,62,62,NULL,64,64,NULL,61,61,NULL,62,62,NULL,63,63,61,62,62,NULL,61,61,54,55,55,56,54,54,NULL,59,59,NULL,61,61,NULL,61,61,NULL,61,61,NULL,61,61,NULL
3.737745,NJ,HUNTERDON,I-78,78,WESTBOUND,120-06177,2019,01,Tuesday,65,64,63,65,64,64,64,63,62,65,65,64,65,64,64,66,64,63,66,64,63,67,65,63,67,65,64,67,64,63,67,65,63,67,65,63,67,65,63,68,65,63,68,66,64,66,64,62,60,58,56,58,56,54,66,63,61,67,64,62,69,65,63,68,66,64,67,64,63,65,64,64
1.644371,NJ,BERGEN,"PALISADES INTERSTATE PKWY",445,NORTHBOUND,120+04777,2019,01,Tuesday,64,64,NULL,61,61,NULL,65,65,NULL,63,63,NULL,58,58,NULL,62,62,NULL,63,63,NULL,66,66,NULL,66,66,NULL,65,65,NULL,64,64,NULL,65,65,NULL,63,63,NULL,64,64,NULL,64,64,61,64,64,NULL,63,63,NULL,58,58,NULL,57,57,NULL,60,60,NULL,61,61,NULL,63,63,NULL,62,62,NULL,62,62,NULL
0.383765,NJ,HUDSON,NJ-495,495,WESTBOUND,120+04770,2019,01,Tuesday,45,45,36,44,44,38,45,44,37,44,44,45,44,43,41,44,43,42,36,36,34,30,30,25,28,28,22,32,32,29,40,40,36,41,41,40,41,41,38,40,40,38,39,39,35,31,31,30,31,31,29,29,29,26,31,31,27,39,39,33,41,41,29,43,43,39,43,43,39,44,44,32
0.09873,NJ,HUDSON,NJ-495,495,WESTBOUND,120+04771,2019,01,Tuesday,47,47,34,44,44,43,46,46,46,46,46,47,47,47,46,45,45,44,40,40,36,32,32,31,32,32,26,37,37,35,42,41,38,44,43,40,44,44,46,41,40,38,42,42,39,36,36,36,38,37,34,35,35,35,35,35,32,41,41,34,43,42,41,44,44,41,45,45,38,41,41,39
0.093802,NJ,HUDSON,NJ-495,495,WESTBOUND,120+04772,2019,01,Tuesday,47,47,52,48,48,44,47,47,46,47,47,45,47,47,47,45,45,45,41,41,42,36,36,32,35,35,29,40,40,37,45,45,44,47,47,44,47,47,47,46,46,48,46,46,42,42,42,41,40,40,40,37,37,36,37,37,36,43,43,49,45,45,38,46,46,44,47,47,45,44,44,41
0.059316,NJ,HUDSON,NJ-495,495,WESTBOUND,120+04773,2019,01,Tuesday,45,43,36,47,41,35,42,40,39,40,39,38,42,40,36,42,41,33,42,41,35,41,41,32,38,37,29,42,41,35,45,44,34,45,44,35,46,46,35,46,46,37,46,46,35,43,43,36,43,42,34,39,39,35,39,38,33,45,45,37,46,46,37,47,46,38,48,47,37,47,44,35
0.536889,NY,NASSAU,"POWELL AVE/PLAINVIEW RD",0,NORTHBOUND,120+16749,2019,01,Tuesday,30,30,NULL,36,36,NULL,40,40,NULL,NULL,NULL,NULL,35,35,NULL,37,37,NULL,35,35,NULL,30,30,NULL,19,19,NULL,34,34,NULL,35,35,NULL,38,38,NULL,35,35,NULL,33,33,NULL,36,36,NULL,37,37,NULL,36,36,NULL,33,33,NULL,32,32,NULL,34,34,NULL,34,34,NULL,37,37,NULL,40,40,NULL,39,39,NULL
0.791391,NY,QUEENS,"JUNCTION BLVD",0,SOUTHBOUND,120-19480,2019,01,Tuesday,18,18,NULL,21,21,NULL,17,17,NULL,20,20,NULL,15,15,NULL,17,17,14,13,13,8,13,13,NULL,12,12,14,11,11,10,11,11,13,11,11,6,9,9,NULL,11,11,11,12,12,NULL,12,12,NULL,13,13,NULL,12,12,NULL,14,14,NULL,14,14,NULL,13,13,NULL,15,15,NULL,16,16,NULL,16,16,NULL
0.299563,NY,KINGS,"COURT ST",0,SOUTHBOUND,120-18150,2019,01,Tuesday,14,14,NULL,16,16,NULL,9,9,NULL,22,22,NULL,14,14,NULL,9,9,NULL,15,15,NULL,9,9,NULL,11,11,NULL,7,7,NULL,6,6,NULL,6,6,5,6,6,5,9,9,11,8,8,8,9,9,NULL,10,10,NULL,10,10,NULL,10,10,NULL,10,10,14,10,10,NULL,11,11,NULL,13,13,NULL,10,10,NULL
0.287943,NY,KINGS,"CROPSEY AVE",0,SOUTHBOUND,120-18158,2019,01,Tuesday,16,16,NULL,21,21,NULL,20,20,NULL,17,17,NULL,17,17,NULL,20,20,NULL,11,11,21,11,11,7,13,13,NULL,14,14,11,14,14,NULL,15,15,NULL,14,14,7,13,13,NULL,14,14,NULL,15,15,NULL,14,14,NULL,14,14,NULL,13,13,NULL,18,18,NULL,17,17,NULL,19,19,NULL,20,20,12,18,18,NULL
0.009917,NY,NASSAU,"PORT WASHINGTON BLVD",101,NORTHBOUND,120P18954,2019,01,Tuesday,27,27,NULL,24,24,NULL,42,42,NULL,NULL,NULL,NULL,19,19,NULL,33,33,NULL,32,32,NULL,24,24,NULL,21,21,NULL,21,21,NULL,25,25,NULL,22,22,NULL,22,22,NULL,22,22,NULL,21,21,NULL,20,20,NULL,21,21,NULL,23,23,NULL,24,24,NULL,20,20,NULL,24,24,NULL,24,24,NULL,27,27,NULL,29,29,NULL
0.015224,NY,BRONX,"GRAND CONCOURSE",0,NORTHBOUND,120P16301,2019,01,Tuesday,11,11,NULL,5,5,NULL,11,11,NULL,16,16,NULL,4,4,NULL,8,8,NULL,13,13,NULL,13,13,NULL,12,12,NULL,10,10,12,15,15,NULL,16,16,NULL,20,20,NULL,19,19,NULL,15,15,NULL,13,13,NULL,11,11,NULL,11,11,NULL,12,12,NULL,20,20,NULL,17,17,NULL,15,15,NULL,18,18,NULL,12,12,NULL
0.542886,NY,SUFFOLK,NY-27,27,WESTBOUND,120+04749,2019,01,Tuesday,56,56,NULL,65,65,NULL,58,59,64,62,62,NULL,60,60,60,69,68,64,64,64,NULL,64,64,59,65,65,62,66,66,64,64,64,60,63,63,58,64,64,65,64,64,57,65,65,56,66,66,67,64,64,66,64,64,63,64,64,64,65,64,59,63,63,NULL,66,66,NULL,65,65,NULL,65,65,NULL
0.012657,NY,BRONX,"GRAND CONCOURSE",0,NORTHBOUND,120P16302,2019,01,Tuesday,24,24,NULL,NULL,NULL,NULL,10,10,NULL,NULL,NULL,NULL,NULL,NULL,NULL,30,30,NULL,14,14,NULL,11,11,NULL,8,8,NULL,13,13,9,15,15,NULL,19,19,NULL,24,24,NULL,20,20,NULL,20,20,NULL,17,17,NULL,19,19,NULL,17,17,NULL,22,22,NULL,23,23,NULL,23,23,NULL,21,21,NULL,26,26,NULL,24,24,NULL
3.584049,NY,SUFFOLK,NY-27,27,WESTBOUND,120+04745,2019,01,Tuesday,54,54,NULL,62,62,NULL,61,62,64,61,61,65,64,63,60,64,64,64,66,66,61,63,63,62,65,65,64,66,66,64,64,64,62,64,64,62,65,65,60,64,64,57,66,65,62,65,65,64,65,65,69,64,64,60,64,64,66,68,68,60,64,64,NULL,66,66,NULL,65,64,58,61,61,NULL
0.847407,NY,QUEENS,"ELIOT AVE",0,WESTBOUND,120-19459,2019,01,Tuesday,11,11,NULL,22,22,NULL,17,17,NULL,18,18,NULL,31,31,NULL,14,14,NULL,16,16,NULL,12,12,18,12,12,20,13,13,NULL,15,15,NULL,18,18,NULL,17,17,NULL,15,15,12,17,17,NULL,14,14,NULL,15,15,NULL,15,15,NULL,15,15,NULL,17,17,NULL,18,18,NULL,18,18,NULL,18,18,20,22,21,13
0.33879,NY,SUFFOLK,NY-27,27,WESTBOUND,120+04746,2019,01,Tuesday,60,60,NULL,64,64,NULL,60,61,62,60,60,NULL,64,63,60,70,68,62,65,65,NULL,63,63,63,65,65,62,65,65,63,61,61,60,63,63,64,64,64,62,64,64,59,66,66,59,67,67,66,67,67,71,66,66,64,63,63,63,66,66,62,63,63,NULL,67,67,NULL,68,68,NULL,62,62,NULL
0.286154,NY,SUFFOLK,NY-27,27,WESTBOUND,120+04747,2019,01,Tuesday,60,60,NULL,62,62,NULL,60,60,62,59,59,NULL,64,63,60,68,67,63,65,65,NULL,64,64,62,65,65,61,66,65,63,61,61,60,64,63,62,63,63,56,64,63,57,65,65,58,66,66,66,64,64,67,64,64,64,62,62,64,66,66,60,64,64,NULL,65,65,NULL,69,69,NULL,61,61,NULL
1.850673,NY,SUFFOLK,NY-27,27,WESTBOUND,120+04748,2019,01,Tuesday,59,59,NULL,64,64,NULL,57,58,63,59,59,NULL,62,62,60,69,68,64,64,64,NULL,63,63,58,63,63,64,63,64,65,61,61,60,63,63,59,64,64,65,63,62,55,64,64,62,65,65,60,64,64,66,63,63,64,63,63,63,64,64,57,66,66,NULL,66,66,NULL,65,65,NULL,62,62,NULL
1.087785,NY,SUFFOLK,NY-27,27,WESTBOUND,120+04741,2019,01,Tuesday,57,57,NULL,56,56,64,43,53,61,52,53,59,59,59,55,63,62,59,54,54,61,59,59,53,59,59,57,60,59,56,58,58,49,59,59,53,58,58,51,59,59,56,59,59,55,58,58,57,57,57,56,56,56,54,58,58,66,59,59,NULL,56,56,63,61,61,77,59,59,NULL,50,51,63
0.838758,NJ,MIDDLESEX,NJ-18,18,SOUTHBOUND,120-07477,2019,01,Tuesday,43,40,40,44,42,42,43,42,38,41,41,39,44,41,40,39,36,33,35,34,30,32,31,27,34,32,24,32,32,27,36,36,32,34,33,30,37,36,32,35,34,30,33,32,26,30,30,26,26,26,22,21,21,15,21,20,16,36,34,27,42,40,28,43,41,36,42,41,36,43,39,33
1.440543,NJ,MIDDLESEX,NJ-18,18,SOUTHBOUND,120-07476,2019,01,Tuesday,45,41,35,45,43,42,45,42,39,43,41,38,43,40,38,39,38,37,34,34,30,33,33,27,32,32,28,32,32,27,34,35,32,35,34,33,34,34,30,34,35,29,35,33,27,32,31,28,29,29,26,25,25,19,22,22,19,32,32,29,37,37,31,37,36,31,36,35,33,41,40,38
2.060578,NY,SUFFOLK,NY-27,27,WESTBOUND,120+04742,2019,01,Tuesday,58,58,NULL,59,59,65,58,62,64,55,56,62,60,60,60,65,63,60,58,58,47,61,61,60,63,62,57,61,59,46,61,61,48,60,60,54,59,59,53,61,60,52,61,61,52,61,61,59,60,59,57,58,58,57,60,60,54,61,61,NULL,59,59,63,62,63,62,61,60,57,56,56,57
0.1349,NJ,MIDDLESEX,NJ-18,18,SOUTHBOUND,120-07475,2019,01,Tuesday,50,44,40,47,45,43,43,42,39,47,47,46,43,43,46,44,45,44,43,41,39,42,42,45,43,42,37,43,43,36,43,42,38,42,41,38,44,43,37,45,44,39,45,44,40,43,42,37,44,43,34,43,42,33,39,38,33,44,42,34,47,45,40,46,44,36,43,43,37,49,46,42
3.550135,NY,SUFFOLK,NY-27,27,WESTBOUND,120+04743,2019,01,Tuesday,54,54,NULL,61,61,NULL,58,60,64,59,60,65,64,64,62,66,66,64,63,63,61,64,64,59,64,64,66,65,65,63,62,62,55,63,63,58,62,62,66,63,63,58,64,64,65,65,65,65,63,63,63,62,62,65,63,63,65,64,64,NULL,62,62,NULL,64,64,NULL,62,62,58,59,59,NULL
0.358736,NJ,PASSAIC,NJ-21,21,SOUTHBOUND,120-06143,2019,01,Tuesday,55,54,47,57,57,NULL,60,60,60,59,58,41,58,58,58,55,55,60,59,59,47,57,56,47,56,56,46,59,58,51,56,56,48,58,58,51,57,57,52,56,56,50,57,57,53,56,56,51,55,55,50,54,54,48,55,55,52,58,58,64,58,58,48,60,61,57,61,60,51,59,57,48
0.70712,NJ,PASSAIC,NJ-21,21,SOUTHBOUND,120-06144,2019,01,Tuesday,51,50,42,49,49,NULL,56,56,54,53,53,NULL,55,55,55,53,53,49,55,54,37,53,53,50,52,52,47,55,55,48,55,55,48,54,54,53,55,55,46,54,54,49,53,53,50,50,50,46,48,47,38,46,46,42,47,48,46,52,53,63,54,54,NULL,56,56,56,57,56,49,53,53,56
0.712887,NY,SUFFOLK,NY-27,27,WESTBOUND,120+04744,2019,01,Tuesday,56,56,NULL,63,63,NULL,59,61,65,59,60,64,64,63,60,64,64,63,62,62,61,66,66,60,65,65,64,65,65,64,64,64,60,65,64,57,62,62,61,64,64,57,65,65,63,65,65,66,64,64,67,65,65,66,65,65,60,66,66,NULL,65,65,NULL,65,65,NULL,66,66,59,61,61,NULL
0.275938,NJ,MIDDLESEX,NJ-18,18,SOUTHBOUND,120-07474,2019,01,Tuesday,50,48,45,52,48,43,47,47,51,47,46,46,51,50,48,43,42,41,42,41,40,40,39,36,40,40,40,38,37,28,40,40,38,41,40,34,39,38,35,38,38,34,37,37,35,34,35,36,31,31,29,30,30,28,33,33,26,43,42,38,44,43,26,45,44,36,44,44,33,48,48,60
1.034956,NJ,MIDDLESEX,NJ-18,18,SOUTHBOUND,120-07473,2019,01,Tuesday,44,43,41,46,45,41,43,43,47,43,43,45,50,50,45,38,37,34,36,36,34,32,31,30,32,31,28,30,29,24,31,30,26,28,29,23,26,26,24,25,25,21,28,28,27,29,28,25,28,28,25,25,25,21,25,25,24,31,30,25,32,32,24,35,35,29,39,39,34,39,40,33
0.558811,NJ,MIDDLESEX,NJ-18,18,SOUTHBOUND,120-07472,2019,01,Tuesday,51,50,46,49,50,51,51,51,52,45,42,41,54,54,55,42,43,46,44,43,42,43,43,38,44,44,39,41,41,38,41,41,34,38,38,37,41,39,35,41,41,36,41,41,39,44,44,39,40,41,43,41,41,38,45,44,35,44,43,42,43,41,36,44,42,36,47,46,36,46,45,36
0.096549,NJ,PASSAIC,NJ-21,21,SOUTHBOUND,120-06142,2019,01,Tuesday,57,57,NULL,56,56,NULL,60,60,57,58,58,NULL,56,56,60,56,55,48,60,60,43,57,57,53,58,57,46,59,58,55,58,57,48,58,58,52,58,58,49,57,57,53,58,57,56,57,57,51,57,56,48,55,55,45,55,54,51,57,57,NULL,61,61,50,62,62,59,62,62,57,64,61,53
0.305478,NJ,MIDDLESEX,NJ-18,18,SOUTHBOUND,120-07471,2019,01,Tuesday,56,54,51,53,54,59,53,55,60,50,53,61,53,53,58,45,47,51,49,49,49,49,49,47,54,54,46,53,53,47,53,53,51,53,53,46,52,51,47,53,52,41,52,52,49,55,55,52,53,53,46,54,53,49,55,53,43,57,55,48,56,57,62,55,54,46,53,53,43,51,51,53
0.337728,NJ,PASSAIC,NJ-3,3,WESTBOUND,120+04740,2019,01,Tuesday,59,57,55,59,58,54,60,60,56,60,60,58,61,61,58,60,60,56,57,57,58,58,58,53,58,57,50,58,56,51,58,58,55,58,58,53,59,59,55,60,60,58,58,58,54,48,48,44,47,47,43,42,42,40,47,46,45,57,57,53,61,61,62,63,63,58,62,62,54,62,61,59
0.140486,NY,ORANGE,NY-17,17,SOUTHBOUND,120-06140,2019,01,Tuesday,18,18,NULL,9,9,8,15,12,6,14,13,12,22,15,9,12,12,18,16,16,14,16,16,19,17,18,19,13,14,16,13,12,8,17,15,10,16,17,16,15,15,10,18,17,17,15,15,18,16,16,19,16,16,18,18,18,9,21,20,9,19,17,4,16,16,8,17,17,21,18,15,9
0.124796,NJ,MIDDLESEX,NJ-18,18,SOUTHBOUND,120-07470,2019,01,Tuesday,52,52,54,50,52,58,54,58,70,50,53,62,53,52,52,48,49,50,48,49,48,50,50,46,54,53,49,54,54,50,54,54,50,55,55,49,53,53,51,53,52,43,54,54,51,54,54,53,51,51,47,51,51,46,51,51,46,54,53,50,55,54,45,57,55,46,51,52,44,50,50,53
0.225054,NJ,MONMOUTH,CR-537,537,WESTBOUND,120N14910,2019,01,Tuesday,22,22,NULL,14,14,NULL,33,28,23,21,21,NULL,NULL,NULL,NULL,48,48,NULL,16,16,NULL,21,21,18,21,21,NULL,19,19,NULL,22,22,NULL,21,21,NULL,21,21,NULL,22,22,NULL,23,23,NULL,28,28,NULL,25,25,NULL,19,19,NULL,18,18,NULL,21,21,NULL,25,25,NULL,22,22,NULL,10,10,NULL,21,21,NULL
0.199429,NY,"NEW YORK","PEARL ST",0,EASTBOUND,120+16736,2019,01,Tuesday,23,23,NULL,13,13,NULL,15,15,NULL,12,12,NULL,13,13,NULL,12,12,NULL,13,13,NULL,10,10,NULL,6,6,NULL,6,6,NULL,7,7,NULL,8,8,9,8,8,11,12,12,15,9,9,NULL,9,9,NULL,12,12,NULL,16,16,4,11,11,NULL,11,11,NULL,12,12,NULL,18,18,NULL,15,15,NULL,11,11,NULL
0.302135,NJ,MONMOUTH,CR-537,537,WESTBOUND,120N14911,2019,01,Tuesday,46,46,NULL,46,46,NULL,45,45,NULL,NULL,NULL,NULL,47,47,NULL,48,46,27,41,42,44,43,43,40,42,42,NULL,43,43,30,46,46,30,47,47,50,44,44,NULL,44,44,NULL,40,40,NULL,42,42,NULL,42,42,NULL,40,40,NULL,41,41,NULL,44,44,NULL,47,47,NULL,47,47,NULL,50,50,NULL,44,44,NULL
0.19191,NY,"NEW YORK","PEARL ST",0,EASTBOUND,120+16735,2019,01,Tuesday,18,18,NULL,9,9,NULL,17,17,NULL,13,13,NULL,14,14,NULL,19,19,NULL,17,17,NULL,10,10,NULL,9,9,NULL,6,7,11,7,7,NULL,10,10,10,9,9,11,10,10,15,9,9,NULL,10,10,NULL,10,10,NULL,10,10,7,11,11,NULL,12,12,NULL,14,14,NULL,14,14,NULL,14,14,NULL,15,15,NULL
0.770947,NJ,PASSAIC,"GOFFLE RD",659,SOUTHBOUND,120-21782,2019,01,Tuesday,36,36,NULL,37,37,NULL,NULL,NULL,NULL,36,34,33,37,37,NULL,36,36,NULL,27,27,NULL,30,30,20,29,29,NULL,26,25,28,30,30,NULL,31,31,36,28,27,21,29,29,NULL,29,29,26,24,24,NULL,31,31,NULL,31,31,NULL,35,35,NULL,31,31,NULL,36,36,NULL,33,33,31,34,34,NULL,33,33,NULL
0.676673,NJ,PASSAIC,"GOFFLE RD",659,SOUTHBOUND,120-21783,2019,01,Tuesday,39,39,NULL,33,33,NULL,NULL,NULL,NULL,NULL,39,39,36,36,NULL,40,40,NULL,37,37,NULL,33,33,28,33,33,NULL,34,34,32,35,35,32,33,33,28,35,35,38,33,33,NULL,33,33,35,30,30,NULL,31,31,NULL,31,31,NULL,31,31,NULL,33,33,NULL,26,26,NULL,30,31,28,33,33,NULL,34,34,NULL
0.693705,NJ,PASSAIC,"GOFFLE RD",659,SOUTHBOUND,120-21784,2019,01,Tuesday,22,22,NULL,25,25,NULL,34,34,NULL,32,34,37,27,27,NULL,29,29,NULL,17,17,NULL,20,20,20,21,21,NULL,23,23,28,23,23,29,25,25,26,24,24,14,22,21,7,20,20,14,20,20,NULL,23,23,NULL,18,18,NULL,18,18,NULL,20,20,NULL,20,20,NULL,22,22,35,24,24,NULL,30,30,NULL
0.501801,NJ,MIDDLESEX,NJ-18,18,SOUTHBOUND,120-07479,2019,01,Tuesday,41,42,47,41,45,55,50,47,46,49,48,49,48,45,45,46,44,42,43,41,42,34,34,39,30,30,29,37,37,34,42,40,39,37,37,38,37,37,36,37,37,37,34,34,34,23,24,23,19,19,18,18,17,13,24,22,19,33,33,31,37,37,39,34,33,24,39,39,37,42,40,40
0.092454,NY,"NEW YORK","W 79TH ST",0,WESTBOUND,120+15408,2019,01,Tuesday,16,16,NULL,6,6,NULL,3,3,NULL,6,6,NULL,9,9,NULL,12,12,NULL,11,11,NULL,8,8,NULL,6,6,NULL,7,7,NULL,7,7,NULL,6,6,NULL,7,7,NULL,7,7,NULL,6,6,NULL,7,7,NULL,7,7,NULL,8,8,4,8,8,NULL,6,6,NULL,7,7,NULL,6,6,NULL,10,10,NULL,5,5,NULL
1.400502,NJ,BERGEN,"GOFFLE RD",84,SOUTHBOUND,120-21785,2019,01,Tuesday,31,31,NULL,32,32,NULL,28,28,NULL,34,34,NULL,31,31,NULL,33,33,NULL,29,29,NULL,25,25,NULL,27,27,26,26,26,32,26,26,28,28,28,NULL,26,26,28,28,28,20,26,26,22,25,25,NULL,27,27,NULL,25,25,NULL,26,26,NULL,31,31,NULL,27,27,NULL,30,30,23,30,30,NULL,34,34,NULL
0.449972,NJ,MIDDLESEX,NJ-18,18,SOUTHBOUND,120-07478,2019,01,Tuesday,46,42,33,46,44,41,41,40,37,43,40,35,39,37,34,40,39,35,38,37,32,33,31,26,31,31,20,38,37,31,39,39,33,39,39,32,40,39,33,38,38,30,33,32,27,19,19,16,17,17,13,17,17,10,26,26,18,44,42,31,44,42,32,44,42,31,45,42,28,44,41,37
0.158015,NY,"NEW YORK","W 79TH ST",0,WESTBOUND,120+15409,2019,01,Tuesday,10,10,NULL,12,12,NULL,NULL,NULL,NULL,8,8,NULL,8,8,NULL,7,7,NULL,16,16,NULL,11,11,NULL,9,9,NULL,13,13,NULL,12,12,NULL,13,13,NULL,11,11,NULL,12,12,NULL,12,12,NULL,9,9,NULL,11,11,NULL,8,8,NULL,8,8,NULL,12,12,NULL,13,13,NULL,14,14,NULL,12,12,NULL,15,15,NULL
1.240965,NY,RICHMOND,"CLOVE RD",0,EASTBOUND,120-19455,2019,01,Tuesday,21,21,NULL,17,17,NULL,18,18,NULL,21,21,NULL,16,16,NULL,20,20,NULL,21,21,NULL,15,15,NULL,17,17,NULL,15,15,23,16,16,15,16,16,16,15,15,12,17,17,NULL,15,15,NULL,15,15,16,14,14,NULL,13,13,NULL,16,16,NULL,17,17,NULL,16,16,NULL,21,21,NULL,21,21,NULL,21,21,NULL
0.730838,NY,RICHMOND,"CLOVE RD",0,EASTBOUND,120-19456,2019,01,Tuesday,12,12,NULL,10,10,NULL,27,27,NULL,19,19,NULL,15,15,NULL,22,22,NULL,15,15,NULL,14,14,NULL,14,14,NULL,15,15,23,16,17,19,17,17,NULL,17,17,17,18,18,NULL,18,18,NULL,15,15,NULL,14,14,NULL,17,17,NULL,16,16,NULL,16,16,NULL,21,21,NULL,21,21,NULL,20,20,NULL,19,19,NULL
0.013241,NY,BRONX,"GRAND CONCOURSE",0,NORTHBOUND,120P16307,2019,01,Tuesday,26,26,NULL,19,19,NULL,21,21,NULL,NULL,NULL,NULL,19,19,NULL,16,16,NULL,9,9,NULL,10,10,NULL,14,14,NULL,9,9,NULL,14,14,NULL,16,16,NULL,17,17,NULL,20,20,NULL,17,17,NULL,15,15,NULL,15,15,NULL,15,15,NULL,18,18,NULL,22,22,NULL,19,19,NULL,21,21,NULL,22,22,NULL,17,17,NULL
0.007587,NY,BRONX,"GRAND CONCOURSE",908,NORTHBOUND,120P16308,2019,01,Tuesday,23,23,NULL,8,8,NULL,12,12,NULL,NULL,NULL,NULL,NULL,NULL,NULL,16,16,NULL,9,9,NULL,7,7,NULL,10,10,NULL,11,11,NULL,9,9,NULL,13,13,NULL,16,16,NULL,14,14,NULL,18,18,NULL,19,19,NULL,17,17,NULL,17,17,NULL,19,19,NULL,15,15,NULL,9,9,NULL,14,14,NULL,14,14,NULL,8,8,NULL
0.886678,NY,RICHMOND,"CLOVE RD",0,EASTBOUND,120-19454,2019,01,Tuesday,29,29,NULL,22,22,NULL,27,27,NULL,19,19,NULL,NULL,NULL,NULL,18,18,NULL,19,19,NULL,16,16,NULL,16,16,NULL,17,17,NULL,17,17,15,18,18,NULL,18,17,14,17,17,NULL,13,13,NULL,16,16,15,19,19,19,15,15,NULL,16,16,NULL,17,17,NULL,21,21,NULL,19,19,NULL,26,26,NULL,21,21,NULL
0.582063,NY,"NEW YORK","PEARL ST",0,EASTBOUND,120+16734,2019,01,Tuesday,13,13,NULL,16,16,NULL,13,13,NULL,11,11,NULL,13,13,NULL,15,15,NULL,12,12,NULL,9,9,NULL,9,9,16,6,7,10,7,7,NULL,7,7,NULL,8,8,7,9,9,10,7,7,5,8,8,NULL,8,8,NULL,8,8,6,8,8,NULL,9,9,NULL,10,10,7,10,10,NULL,12,12,NULL,14,14,NULL
0.009942,NY,BRONX,"GRAND CONCOURSE",95,NORTHBOUND,120P16303,2019,01,Tuesday,24,24,NULL,25,25,NULL,NULL,NULL,NULL,16,16,NULL,NULL,NULL,NULL,28,28,NULL,15,15,NULL,14,14,NULL,14,14,NULL,11,11,NULL,17,17,NULL,22,22,NULL,23,23,NULL,19,19,NULL,18,18,NULL,21,21,NULL,18,18,NULL,16,16,NULL,22,22,NULL,22,22,NULL,21,21,NULL,24,24,NULL,24,24,NULL,28,28,NULL
0.049834,NY,KINGS,"PROSPECT PARK",27,NORTHBOUND,120P18965,2019,01,Tuesday,NULL,NULL,NULL,NULL,NULL,NULL,NULL,NULL,NULL,9,9,NULL,13,13,NULL,NULL,NULL,NULL,13,13,NULL,14,14,NULL,13,13,NULL,9,9,NULL,15,15,NULL,17,17,NULL,11,11,NULL,13,13,NULL,16,16,NULL,15,15,NULL,12,12,NULL,13,13,NULL,11,11,NULL,12,12,NULL,14,14,NULL,8,8,NULL,16,16,NULL,15,15,NULL
0.0139,NY,BRONX,"GRAND CONCOURSE",0,NORTHBOUND,120P16304,2019,01,Tuesday,25,25,NULL,16,16,NULL,NULL,NULL,NULL,10,10,NULL,28,28,NULL,22,22,NULL,8,8,NULL,11,11,NULL,10,10,NULL,9,9,NULL,14,14,NULL,20,20,NULL,20,20,NULL,21,21,NULL,21,21,NULL,19,19,NULL,18,18,NULL,17,17,NULL,20,20,NULL,22,22,NULL,22,22,NULL,23,23,NULL,24,24,NULL,24,24,NULL
0.304024,NJ,MIDDLESEX,NJ-18,18,SOUTHBOUND,120-07480,2019,01,Tuesday,51,50,50,51,53,56,58,54,51,51,53,53,54,53,52,53,53,53,52,51,49,45,45,45,40,40,37,50,49,44,51,50,48,50,50,49,49,49,48,49,49,46,49,48,46,28,28,28,19,19,18,20,20,14,28,28,22,48,48,47,50,49,46,47,45,43,49,48,47,49,49,48
0.179154,NY,SUFFOLK,NY-27,27,WESTBOUND,120+04756,2019,01,Tuesday,59,58,56,57,58,61,59,59,64,61,61,58,63,63,60,65,64,62,60,60,49,60,60,54,61,61,57,60,60,58,60,60,56,61,61,48,60,60,68,61,61,59,60,60,52,61,61,61,59,59,59,59,59,53,60,60,54,60,60,45,64,64,NULL,63,63,NULL,62,61,37,67,65,57
0.399504,NY,SUFFOLK,NY-27,27,WESTBOUND,120+04757,2019,01,Tuesday,58,58,58,61,60,50,61,61,64,58,58,58,62,62,59,65,65,61,61,60,49,60,60,52,62,62,57,61,61,56,61,61,57,62,62,52,61,61,68,61,61,59,61,61,56,62,62,58,60,60,58,60,60,52,62,62,61,61,61,45,63,63,50,64,64,NULL,62,61,46,68,66,59
0.367951,NY,SUFFOLK,NY-27,27,WESTBOUND,120+04758,2019,01,Tuesday,61,61,60,63,63,NULL,60,61,64,58,58,56,64,64,60,65,65,61,62,62,50,61,61,52,63,63,57,62,62,62,63,63,53,63,63,57,62,62,64,63,63,55,63,63,60,63,63,57,61,61,60,62,62,65,62,62,62,61,61,NULL,64,64,NULL,64,64,NULL,64,64,NULL,64,64,63
0.474951,NY,QUEENS,"FRANCIS LEWIS BLVD",0,SOUTHBOUND,120-19468,2019,01,Tuesday,15,15,NULL,20,20,NULL,19,18,17,25,25,NULL,22,21,11,19,16,14,14,14,15,13,13,24,13,13,16,14,14,13,14,14,12,16,16,12,15,15,11,14,14,4,16,16,6,15,15,NULL,16,16,NULL,15,15,NULL,13,13,15,14,14,NULL,15,15,NULL,17,17,NULL,15,14,14,18,18,NULL
0.567107,NY,QUEENS,"FRANCIS LEWIS BLVD",0,SOUTHBOUND,120-19469,2019,01,Tuesday,17,17,NULL,24,24,NULL,20,19,14,21,20,18,22,20,15,19,17,14,16,16,12,14,14,12,9,9,12,11,11,16,12,12,11,13,12,8,12,12,11,11,11,NULL,12,12,NULL,13,13,NULL,11,11,NULL,11,11,65,9,9,8,13,13,NULL,17,17,NULL,16,16,11,20,20,19,18,18,NULL
0.633059,NY,SUFFOLK,NY-27,27,WESTBOUND,120+04759,2019,01,Tuesday,62,62,60,61,61,NULL,62,62,63,57,58,57,65,65,60,65,65,62,63,63,52,62,62,53,64,64,56,64,64,67,64,64,56,65,65,63,65,65,56,64,64,58,64,64,60,64,64,60,63,63,62,63,63,71,64,64,57,63,63,NULL,63,63,NULL,65,65,NULL,65,65,NULL,67,67,63
0.429374,NJ,MIDDLESEX,"RIVER RD",622,EASTBOUND,120-07488,2019,01,Tuesday,49,41,40,41,43,45,42,40,40,43,41,40,38,41,42,43,43,45,38,38,40,32,32,30,28,28,31,29,29,29,36,37,37,38,38,36,35,35,35,34,35,34,33,33,34,27,28,29,21,21,17,19,20,18,26,25,20,38,37,35,39,37,34,39,38,39,40,38,36,43,41,38
1.818803,NY,SUFFOLK,NY-27,27,WESTBOUND,120+04752,2019,01,Tuesday,59,59,48,66,66,NULL,59,60,62,61,61,61,62,62,60,65,65,63,62,61,50,61,61,58,61,61,53,58,58,51,61,61,NULL,61,61,60,61,61,61,61,61,NULL,62,62,62,62,62,61,61,61,62,61,61,52,62,62,58,63,64,62,62,62,NULL,64,64,NULL,62,62,NULL,66,66,NULL
0.474224,NY,SUFFOLK,NY-27,27,WESTBOUND,120+04753,2019,01,Tuesday,61,59,40,65,64,43,60,60,63,60,61,62,62,61,60,65,65,63,61,61,52,57,57,55,56,56,53,54,54,47,62,62,NULL,62,62,54,61,61,61,61,61,NULL,62,62,61,62,62,62,59,59,67,59,59,53,61,61,59,63,63,60,62,62,NULL,64,64,NULL,65,65,NULL,68,64,50
0.01221,NY,"NEW YORK","ALLEN ST",0,NORTHBOUND,120P06990,2019,01,Tuesday,14,14,NULL,11,11,NULL,18,18,NULL,10,10,NULL,16,14,5,16,16,NULL,11,11,NULL,12,12,NULL,9,9,NULL,10,10,NULL,9,9,NULL,12,12,14,10,10,NULL,15,15,NULL,12,11,7,12,12,13,9,9,NULL,11,11,NULL,11,11,NULL,8,8,NULL,12,12,NULL,16,16,NULL,13,13,NULL,16,16,NULL
0.435929,NJ,MIDDLESEX,"RIVER RD",622,EASTBOUND,120-07487,2019,01,Tuesday,45,36,34,39,37,37,33,37,39,42,38,36,28,34,37,45,43,45,34,33,34,26,26,28,23,24,19,24,24,23,35,34,30,35,35,30,33,33,29,30,30,27,32,32,30,27,27,24,27,26,21,26,26,22,26,25,16,37,35,32,37,33,29,37,35,33,36,35,35,41,39,37
0.439427,NY,SUFFOLK,NY-27,27,WESTBOUND,120+04754,2019,01,Tuesday,60,57,48,62,61,55,60,60,61,60,59,42,61,61,56,64,64,62,59,58,54,53,53,43,51,51,44,52,52,45,60,60,50,62,62,52,60,61,61,61,61,40,60,60,55,60,60,50,55,55,62,58,58,46,59,58,60,61,61,56,62,62,NULL,64,64,NULL,63,63,NULL,66,61,48
0.962063,NJ,MIDDLESEX,NJ-18,18,SOUTHBOUND,120-07486,2019,01,Tuesday,61,60,54,51,50,51,64,57,43,57,56,58,53,54,56,54,53,49,53,52,54,55,55,49,58,57,54,51,53,52,53,53,52,54,52,45,55,55,51,56,56,52,58,56,54,57,56,51,55,55,49,54,53,46,51,51,48,56,57,53,54,54,52,55,54,47,56,55,54,59,59,57
0.009681,NY,"NEW YORK","ALLEN ST",0,NORTHBOUND,120P06991,2019,01,Tuesday,3,3,NULL,9,9,NULL,5,5,NULL,7,7,NULL,4,4,NULL,10,10,NULL,10,10,11,7,7,NULL,7,7,NULL,6,6,NULL,7,7,NULL,6,6,NULL,10,10,NULL,7,7,NULL,6,6,NULL,7,7,NULL,8,8,NULL,8,8,NULL,6,6,6,5,5,NULL,NULL,NULL,NULL,6,6,NULL,19,19,NULL,NULL,NULL,NULL
0.169727,NJ,MIDDLESEX,NJ-18,18,SOUTHBOUND,120-07485,2019,01,Tuesday,57,53,48,44,48,55,53,49,45,52,52,54,52,46,41,52,51,49,51,51,49,53,53,51,51,51,51,53,52,50,53,52,48,51,50,46,54,53,53,54,53,48,53,52,48,53,51,45,46,43,41,29,28,24,43,41,34,51,51,51,50,50,49,53,52,53,54,51,47,56,52,43
0.71951,NY,SUFFOLK,NY-27,27,WESTBOUND,120+04755,2019,01,Tuesday,60,59,57,61,61,60,59,59,61,60,61,58,62,61,52,64,64,62,60,60,52,59,59,50,58,58,57,58,58,52,61,61,53,62,62,53,61,61,60,61,61,56,61,61,59,61,61,57,57,57,50,59,59,50,62,61,58,61,61,49,62,62,NULL,64,64,NULL,62,62,NULL,67,65,56
0.084612,NY,"NEW YORK",BOWERY,0,NORTHBOUND,120P06992,2019,01,Tuesday,16,16,NULL,12,12,NULL,9,9,NULL,NULL,NULL,NULL,13,13,NULL,10,10,NULL,9,9,NULL,10,10,NULL,9,9,NULL,8,8,NULL,5,5,NULL,9,9,7,8,8,8,12,12,NULL,10,10,7,8,8,4,10,10,8,9,9,5,9,9,NULL,11,11,NULL,12,12,NULL,9,9,NULL,10,10,NULL,9,9,NULL
0.188847,NJ,MIDDLESEX,NJ-18,18,SOUTHBOUND,120-07484,2019,01,Tuesday,55,53,51,50,52,57,60,55,56,54,52,53,56,55,53,56,54,50,54,54,53,55,55,50,51,50,48,54,53,50,54,54,52,54,54,51,54,54,51,54,53,51,54,54,52,49,47,46,35,35,34,19,19,10,40,41,33,56,55,52,55,55,54,58,57,54,56,55,52,56,53,49
0.027999,NY,"NEW YORK",US-9,0,NORTHBOUND,120P06994,2019,01,Tuesday,8,8,NULL,19,19,NULL,20,20,NULL,10,10,NULL,5,5,NULL,13,13,NULL,15,15,NULL,9,9,5,10,10,NULL,10,10,NULL,9,8,8,8,7,4,8,7,7,8,8,NULL,8,8,NULL,10,9,5,7,7,7,7,7,NULL,7,7,NULL,8,8,6,8,8,7,9,9,NULL,9,9,NULL,10,10,NULL
0.257403,NJ,MIDDLESEX,NJ-18,18,SOUTHBOUND,120-07483,2019,01,Tuesday,54,52,51,51,52,56,57,54,54,52,54,55,54,55,54,56,54,52,54,54,53,54,54,52,49,49,46,54,53,48,55,55,52,54,54,53,54,53,50,52,52,52,54,54,52,41,41,41,27,27,28,19,19,14,36,37,36,52,52,53,53,54,54,54,53,53,54,53,51,53,51,49
2.99842,NY,SUFFOLK,NY-27,27,WESTBOUND,120+04750,2019,01,Tuesday,64,64,NULL,61,61,NULL,59,59,65,61,61,NULL,62,62,60,64,64,66,64,64,NULL,65,65,59,64,64,57,63,63,61,62,62,62,63,63,58,64,64,64,63,63,58,64,64,54,64,64,64,64,64,58,62,62,55,64,62,60,65,64,52,59,59,NULL,63,63,NULL,64,64,NULL,65,65,NULL
0.313867,NJ,MIDDLESEX,NJ-18,18,SOUTHBOUND,120-07482,2019,01,Tuesday,54,52,51,54,55,56,59,53,53,55,55,54,54,54,53,56,54,51,55,55,54,52,52,50,49,48,47,55,54,51,55,55,53,54,54,52,54,54,52,53,53,52,54,54,53,38,37,39,21,21,27,19,19,13,33,34,32,52,52,51,53,53,52,55,54,51,53,52,51,52,51,48
1.932911,NY,SUFFOLK,NY-27,27,WESTBOUND,120+04751,2019,01,Tuesday,57,57,NULL,63,63,NULL,60,61,64,60,60,60,62,62,60,62,62,62,61,61,NULL,62,62,53,62,62,55,60,60,60,61,61,61,62,62,60,61,61,NULL,62,62,56,61,61,62,63,63,61,62,62,58,61,61,53,62,62,60,63,63,56,61,61,NULL,64,64,NULL,61,61,NULL,64,64,NULL
0.040588,NY,"NEW YORK",US-9,9,NORTHBOUND,120P06996,2019,01,Tuesday,23,23,NULL,8,8,NULL,21,21,NULL,25,25,NULL,14,14,NULL,15,20,26,16,16,NULL,10,10,NULL,11,11,NULL,12,13,24,13,13,NULL,12,12,NULL,10,10,NULL,14,14,NULL,10,10,NULL,11,11,NULL,9,9,7,12,12,NULL,10,10,NULL,12,12,NULL,13,13,NULL,22,22,NULL,13,13,NULL,15,15,NULL
0.229802,NJ,MIDDLESEX,NJ-18,18,SOUTHBOUND,120-07481,2019,01,Tuesday,54,52,50,54,55,56,59,54,54,54,55,55,54,54,55,56,54,50,55,54,54,51,51,50,47,47,45,54,54,51,55,55,52,53,54,53,53,53,51,53,53,52,54,53,52,34,33,33,20,20,21,20,20,13,30,31,30,52,52,49,53,52,48,54,54,51,53,52,50,52,51,50
0.253004,NJ,MORRIS,CR-506,46,NORTHBOUND,120P30605,2019,01,Tuesday,46,46,45,46,45,40,45,51,57,NULL,52,52,41,41,NULL,55,46,40,39,38,22,43,43,38,43,43,42,44,43,36,42,41,37,42,41,38,41,41,37,40,39,36,39,38,11,41,41,NULL,39,39,43,38,38,NULL,44,42,32,41,41,NULL,46,46,35,46,46,46,44,44,NULL,34,39,44
2.167578,NJ,MIDDLESEX,"RIVER RD",622,EASTBOUND,120-07489,2019,01,Tuesday,43,39,39,39,41,43,43,40,39,42,41,40,40,40,40,41,40,40,37,37,36,34,34,32,31,31,31,37,37,35,39,39,39,39,38,37,38,38,35,38,38,37,38,38,35,37,37,36,32,32,30,32,32,29,33,33,30,37,37,35,39,38,37,38,37,38,41,40,38,41,40,39
0.043328,NJ,MONMOUTH,CR-537,537,WESTBOUND,120N14905,2019,01,Tuesday,45,44,35,34,34,NULL,42,39,32,51,51,NULL,46,46,NULL,47,44,38,41,40,26,41,40,29,38,39,34,38,36,20,37,36,30,37,37,30,36,36,28,36,36,17,36,36,35,36,35,22,36,36,26,35,35,25,34,34,42,39,39,NULL,43,42,19,39,39,NULL,49,48,25,49,49,35
1.032594,NY,QUEENS,"FRANCIS LEWIS BLVD",0,SOUTHBOUND,120-19467,2019,01,Tuesday,18,17,12,23,23,NULL,19,19,20,21,21,NULL,20,20,19,16,15,13,14,14,10,14,14,11,12,12,10,15,15,9,18,18,14,14,14,15,18,17,13,15,15,13,20,20,20,17,17,NULL,17,17,NULL,15,15,NULL,18,18,18,17,17,NULL,17,17,NULL,17,17,NULL,16,16,19,20,20,NULL
0.075192,NJ,MONMOUTH,CR-537,537,WESTBOUND,120N14906,2019,01,Tuesday,32,32,NULL,37,37,NULL,22,22,NULL,34,34,NULL,34,34,NULL,33,33,NULL,25,25,NULL,29,29,NULL,29,28,30,26,26,NULL,27,25,20,25,25,29,16,16,18,23,23,NULL,25,25,19,21,21,NULL,22,23,22,19,19,26,22,22,NULL,22,22,NULL,28,28,NULL,30,30,NULL,37,37,NULL,42,42,NULL
1.235279,NY,QUEENS,"ELIOT AVE",0,WESTBOUND,120-19460,2019,01,Tuesday,22,22,NULL,21,21,NULL,15,15,NULL,23,23,NULL,20,20,NULL,19,19,NULL,15,15,11,15,15,NULL,12,12,17,13,13,13,16,16,NULL,14,14,NULL,16,16,14,14,14,NULL,14,14,NULL,14,14,13,15,14,16,15,15,NULL,14,14,NULL,14,14,NULL,16,16,NULL,17,17,NULL,19,19,NULL,21,21,NULL
1.179232,NY,NASSAU,"I-495 FRONTAGE/SERVICE RD",906,WESTBOUND,120-19461,2019,01,Tuesday,51,52,58,55,55,NULL,NULL,NULL,NULL,NULL,NULL,NULL,46,46,NULL,51,51,NULL,55,55,NULL,56,56,NULL,55,55,49,51,51,44,57,55,4,53,53,NULL,55,55,50,55,55,56,55,55,53,53,53,56,56,56,NULL,54,54,NULL,54,54,NULL,55,55,NULL,53,53,NULL,56,56,NULL,38,38,NULL,48,48,NULL
0.93164,NY,KINGS,"CONEY ISLAND AVE",0,SOUTHBOUND,120-18109,2019,01,Tuesday,17,17,NULL,16,16,NULL,21,21,NULL,17,17,14,17,17,22,16,16,14,17,17,14,15,15,NULL,15,15,NULL,13,13,NULL,13,13,8,11,11,8,12,12,13,11,11,6,11,11,NULL,16,16,19,16,16,13,15,15,NULL,15,15,NULL,15,15,NULL,14,14,NULL,15,15,NULL,18,18,NULL,19,19,NULL
0.517962,NY,KINGS,"CONEY ISLAND AVE",0,SOUTHBOUND,120-18108,2019,01,Tuesday,14,14,NULL,12,12,NULL,15,15,NULL,13,13,NULL,13,13,NULL,16,16,20,14,14,11,14,14,NULL,14,14,NULL,12,12,NULL,10,10,NULL,11,11,NULL,10,10,NULL,10,10,14,9,9,NULL,10,10,NULL,12,12,NULL,11,11,NULL,10,10,NULL,11,11,NULL,11,11,NULL,10,10,NULL,14,14,NULL,13,13,NULL
0.128127,NJ,ESSEX,NJ-21,21,SOUTHBOUND,120-07455,2019,01,Tuesday,28,29,31,28,26,24,33,30,27,29,29,35,30,29,28,24,23,11,18,17,15,17,16,12,18,18,16,17,17,16,17,17,17,18,18,21,16,16,14,19,19,19,19,19,16,19,19,17,18,18,17,20,20,14,20,20,19,21,21,22,24,24,23,22,23,24,25,25,25,31,30,25
0.273776,NJ,BERGEN,NJ-17,17,SOUTHBOUND,120-06123,2019,01,Tuesday,58,55,53,56,57,59,59,58,55,58,58,57,54,54,57,61,60,58,57,57,55,55,54,55,53,53,55,57,57,55,56,56,55,56,56,57,55,55,53,55,55,56,56,56,53,55,55,54,55,54,52,51,51,49,55,54,55,56,55,54,58,57,54,59,58,56,56,56,58,57,58,58
0.382721,NJ,ESSEX,NJ-21,21,SOUTHBOUND,120-07454,2019,01,Tuesday,25,26,34,24,23,23,27,27,27,28,28,32,26,26,28,23,22,17,18,19,19,20,20,14,19,19,14,20,20,20,21,21,17,18,18,18,18,18,17,20,20,21,20,20,16,17,17,17,13,13,14,14,14,12,16,16,16,19,19,22,22,21,21,22,22,21,24,23,22,25,24,22
0.33705,NJ,BERGEN,NJ-17,17,SOUTHBOUND,120-06124,2019,01,Tuesday,58,58,58,56,57,60,59,57,55,58,58,58,56,55,54,61,60,57,58,58,56,56,56,55,57,56,53,56,56,56,56,56,55,53,54,57,54,54,53,54,54,55,55,55,54,54,54,53,54,54,53,50,50,50,54,54,54,55,55,54,58,57,53,58,56,53,56,57,58,58,56,56
0.120198,NJ,ESSEX,NJ-21,21,SOUTHBOUND,120-07453,2019,01,Tuesday,26,26,30,26,24,14,26,27,28,26,27,32,27,27,30,24,23,8,18,19,21,18,18,14,17,17,12,16,17,21,18,18,14,13,13,17,15,15,15,17,17,16,15,15,12,14,13,14,12,12,14,10,10,10,13,11,10,20,19,12,22,21,16,25,24,20,25,23,19,25,25,26
1.251715,NJ,BERGEN,NJ-17,17,SOUTHBOUND,120-06121,2019,01,Tuesday,60,59,60,61,60,61,59,59,60,58,58,59,62,61,60,65,64,62,62,62,60,64,64,61,64,63,60,64,64,60,63,63,60,63,63,61,63,62,60,63,63,61,62,62,61,62,62,60,62,62,59,58,57,53,59,59,58,62,61,59,62,61,59,63,62,60,60,60,60,62,61,60
0.569785,NJ,HUDSON,I-280,280,WESTBOUND,120P04339,2019,01,Tuesday,49,46,43,49,45,39,50,48,43,46,44,41,47,41,37,44,44,42,47,46,42,49,47,42,49,47,45,49,48,45,49,48,43,50,48,44,49,49,46,49,47,42,49,48,44,50,49,41,49,47,42,47,47,42,44,44,42,51,49,42,51,51,49,52,50,45,50,47,43,48,42,38
0.897266,NJ,ESSEX,NJ-21,21,SOUTHBOUND,120-07452,2019,01,Tuesday,21,21,16,23,22,16,23,22,21,23,23,20,20,20,23,21,21,6,17,18,18,19,19,17,20,20,18,20,20,18,19,19,15,17,17,16,17,17,16,15,15,16,15,15,15,14,14,16,12,12,11,10,10,9,13,12,11,18,18,16,19,18,15,21,21,16,23,20,16,23,22,24
1.682182,NJ,BERGEN,NJ-17,17,SOUTHBOUND,120-06122,2019,01,Tuesday,60,59,58,56,57,59,60,60,59,59,59,60,59,59,59,63,62,60,61,60,55,60,60,60,60,60,58,60,60,58,57,57,58,59,59,59,58,57,57,58,58,59,57,58,58,57,57,56,58,57,57,54,54,53,56,56,55,58,58,56,60,60,58,61,61,59,58,59,59,60,59,59
0.558749,NJ,ESSEX,NJ-21,21,SOUTHBOUND,120-07451,2019,01,Tuesday,31,29,23,30,30,19,26,24,22,31,28,22,26,25,27,28,28,NULL,23,23,22,24,24,26,27,27,27,30,28,26,25,24,23,25,23,20,22,22,24,27,27,30,24,24,28,22,22,20,22,23,24,22,22,23,19,19,20,22,22,21,24,23,23,27,26,21,27,26,25,26,26,24
0.488404,NJ,ESSEX,NJ-21,21,SOUTHBOUND,120-07450,2019,01,Tuesday,38,37,35,43,43,31,39,37,35,40,38,24,42,38,26,41,41,38,38,37,34,38,38,37,39,39,36,39,38,37,36,36,35,39,37,32,37,37,36,38,38,35,38,38,36,38,37,36,37,36,35,35,35,33,33,33,34,40,40,32,42,40,34,43,42,31,43,40,32,41,39,37
0.46317,NJ,BERGEN,NJ-17,17,SOUTHBOUND,120-06120,2019,01,Tuesday,59,59,61,59,60,61,62,61,60,59,58,59,58,58,59,65,65,61,64,63,60,62,62,60,62,61,59,63,62,60,62,62,59,62,62,61,62,61,60,62,62,60,62,62,59,62,61,58,61,61,57,58,57,56,60,59,56,61,61,56,62,61,57,62,61,59,62,61,59,62,60,60
0.649662,NJ,BERGEN,NJ-17,17,SOUTHBOUND,120-06129,2019,01,Tuesday,55,54,53,55,53,53,58,55,54,56,52,51,59,58,56,57,56,54,57,56,53,55,54,51,58,57,54,54,53,52,56,55,52,58,56,53,57,54,48,57,56,52,57,56,54,58,55,49,56,55,52,54,53,48,53,52,50,55,52,50,56,55,52,58,56,52,57,52,51,51,52,51
0.016062,NY,"NEW YORK","W 42ND ST",9,WESTBOUND,120P06923,2019,01,Tuesday,NULL,NULL,NULL,11,11,NULL,8,8,NULL,3,3,NULL,NULL,NULL,NULL,11,11,NULL,NULL,NULL,NULL,NULL,NULL,NULL,8,8,NULL,9,9,NULL,4,4,NULL,8,8,NULL,4,4,NULL,16,16,NULL,6,6,NULL,NULL,NULL,NULL,8,8,NULL,NULL,NULL,NULL,NULL,NULL,NULL,6,6,NULL,9,9,NULL,12,12,NULL,NULL,NULL,NULL,19,19,NULL
0.047411,NJ,OCEAN,"9TH ST/CENTRAL AVE/LAKEWOOD FARMINGDALE RD/ASBURY AVE/LAKEHURST-WHITESVILLE RD/ASBURY RD",547,SOUTHBOUND,120N14933,2019,01,Tuesday,31,31,NULL,NULL,NULL,NULL,NULL,NULL,NULL,NULL,32,32,NULL,39,39,NULL,NULL,NULL,42,42,38,27,29,37,25,27,36,30,30,31,31,31,NULL,32,32,35,31,31,NULL,31,30,16,32,32,NULL,29,28,30,28,28,NULL,26,26,NULL,25,25,NULL,30,30,NULL,34,34,NULL,46,46,NULL,NULL,NULL,NULL,NULL,40,40
0.840671,NJ,BERGEN,NJ-17,17,SOUTHBOUND,120-06127,2019,01,Tuesday,52,53,54,53,51,49,53,53,52,56,55,54,57,54,50,58,55,53,57,56,54,56,54,51,58,57,52,57,53,47,55,54,48,55,54,50,56,53,48,57,54,49,54,53,46,56,53,42,56,53,45,54,52,41,55,53,46,55,52,47,56,54,47,59,54,49,55,53,53,52,51,50
0.313805,NJ,ESSEX,NJ-21,21,SOUTHBOUND,120-07459,2019,01,Tuesday,59,55,45,52,47,40,52,45,38,50,44,34,54,53,47,52,50,37,50,50,38,43,43,31,45,42,28,52,48,39,53,51,45,52,47,38,53,52,45,50,49,47,54,53,43,52,52,47,52,51,40,51,49,38,53,51,41,54,52,40,52,50,40,51,51,48,56,55,45,57,56,51
1.255623,NJ,ESSEX,NJ-21,21,SOUTHBOUND,120-07458,2019,01,Tuesday,37,34,26,38,35,32,39,37,32,41,38,34,40,40,29,33,32,30,26,26,18,15,15,11,15,15,12,14,15,15,30,29,23,31,29,29,30,30,31,28,28,27,27,27,23,26,24,20,26,25,22,24,24,23,28,28,27,31,31,25,34,33,25,34,34,35,39,38,23,35,35,35
0.255365,NJ,BERGEN,NJ-17,17,SOUTHBOUND,120-06128,2019,01,Tuesday,53,53,54,53,52,52,55,55,54,55,55,53,59,57,55,58,56,54,58,57,53,53,53,52,50,51,53,51,51,53,56,54,52,53,51,50,55,54,51,54,54,52,53,52,50,54,53,52,52,52,47,50,49,46,48,49,48,53,51,50,55,53,50,58,55,52,54,51,52,51,51,50
0.105565,NJ,ESSEX,NJ-21,21,SOUTHBOUND,120-07457,2019,01,Tuesday,28,27,24,29,23,18,33,26,23,33,25,23,31,27,21,26,25,22,17,16,12,12,12,10,11,11,10,9,10,11,16,15,11,19,18,17,20,19,21,15,14,12,15,15,14,14,14,17,17,16,12,16,16,12,18,17,15,18,17,19,23,22,21,25,22,21,27,25,20,29,29,30
0.2451,NJ,BERGEN,NJ-17,17,SOUTHBOUND,120-06125,2019,01,Tuesday,56,56,54,57,57,58,59,58,57,58,58,57,58,57,58,61,60,58,59,58,56,56,55,55,58,57,55,53,53,56,58,58,55,54,54,56,55,54,54,55,55,56,54,54,52,55,55,53,54,53,53,51,51,50,54,54,53,56,56,56,54,53,52,57,56,55,56,56,57,57,57,55
0.417251,NJ,BERGEN,NJ-17,17,SOUTHBOUND,120-06126,2019,01,Tuesday,55,55,55,56,56,56,59,58,56,58,57,56,58,57,57,60,59,58,58,58,57,56,56,56,56,56,56,55,55,57,55,55,55,55,55,56,55,55,54,56,56,56,53,53,55,54,54,53,53,53,54,51,51,49,54,54,53,55,55,56,54,54,53,55,55,54,56,56,57,56,57,57
0.014515,NY,"NEW YORK","DELANCEY ST",0,WESTBOUND,120P06927,2019,01,Tuesday,15,15,12,13,13,NULL,15,13,7,15,15,12,13,13,14,10,10,NULL,11,11,NULL,9,9,13,8,8,10,9,9,10,9,9,4,9,9,6,8,8,9,7,7,6,8,8,9,10,10,7,9,9,7,10,10,7,9,9,NULL,9,9,9,9,9,NULL,11,11,NULL,11,11,NULL,11,11,NULL
0.18277,NJ,ESSEX,NJ-21,21,SOUTHBOUND,120-07456,2019,01,Tuesday,31,31,31,28,26,20,32,30,28,31,31,26,32,29,18,28,27,17,14,14,12,11,11,4,11,11,6,9,9,9,15,15,9,18,18,20,14,12,11,15,14,8,16,16,13,13,13,13,15,15,13,17,17,12,18,18,13,24,23,15,27,27,25,27,27,26,30,29,26,32,32,30
0.504149,NY,ORANGE,NY-300,300,NORTHBOUND,120+14133,2019,01,Tuesday,27,25,22,37,35,29,34,32,28,28,28,28,23,24,30,31,30,26,28,26,18,23,24,26,28,27,25,31,31,30,26,24,21,28,27,22,29,27,21,30,28,22,33,32,24,28,28,24,27,25,22,27,26,30,26,28,27,31,30,22,33,29,14,35,33,22,32,31,30,37,35,30
0.00763,NY,"NEW YORK","DELANCEY ST",0,WESTBOUND,120P06928,2019,01,Tuesday,11,11,12,8,8,NULL,10,10,NULL,9,8,8,9,9,NULL,8,8,NULL,10,10,NULL,8,8,NULL,7,7,NULL,8,8,4,7,7,4,8,8,6,7,7,4,7,7,6,6,6,9,7,7,6,7,7,NULL,8,8,3,7,7,NULL,7,7,5,8,8,NULL,8,8,NULL,6,6,NULL,11,11,NULL
0.026675,NY,RICHMOND,"PAGE AVE",0,NORTHBOUND,120P18905,2019,01,Tuesday,22,22,NULL,21,21,NULL,22,22,NULL,9,10,12,28,28,NULL,29,29,NULL,28,28,NULL,16,16,NULL,18,19,24,19,19,NULL,23,23,NULL,18,18,12,18,18,21,20,20,NULL,21,21,12,16,16,NULL,17,17,29,21,21,26,19,19,NULL,22,22,NULL,24,24,NULL,25,25,NULL,24,24,NULL,36,36,NULL
0.123094,NY,BRONX,"E 135TH ST",87,WESTBOUND,120+15462,2019,01,Tuesday,25,25,NULL,27,27,NULL,25,24,24,28,27,25,24,23,18,21,21,NULL,17,17,NULL,18,18,NULL,16,16,6,15,15,15,18,18,20,19,19,35,17,17,22,18,18,5,16,16,NULL,15,15,NULL,16,16,NULL,15,15,7,16,16,NULL,20,20,NULL,22,22,NULL,21,21,NULL,23,23,NULL,26,26,NULL
1.386565,NY,ORANGE,NY-300,300,NORTHBOUND,120+14132,2019,01,Tuesday,35,34,30,36,35,29,27,26,30,32,31,31,22,23,28,27,27,28,28,28,24,33,31,24,32,31,21,27,27,23,28,27,26,28,28,25,24,24,23,26,25,18,26,26,20,24,24,25,21,20,17,25,24,25,26,24,20,24,24,25,31,31,29,33,33,25,31,33,34,36,35,22
0.229982,NY,BRONX,"E 135TH ST",87,WESTBOUND,120+15463,2019,01,Tuesday,18,18,NULL,16,16,NULL,21,21,NULL,18,21,22,16,16,17,16,16,NULL,13,13,NULL,11,11,NULL,11,11,20,12,12,14,15,15,29,15,14,11,15,15,NULL,12,12,NULL,14,14,NULL,11,11,NULL,11,11,NULL,12,12,NULL,12,12,NULL,14,14,NULL,16,16,NULL,18,18,NULL,16,16,NULL,17,17,NULL
0.690225,NJ,ESSEX,"PASSAIC AVE",613,SOUTHBOUND,120-20419,2019,01,Tuesday,28,29,35,32,32,NULL,28,28,NULL,26,28,39,27,25,15,24,24,NULL,31,31,29,25,25,27,22,23,30,25,26,29,30,30,26,28,27,22,27,27,28,27,27,23,29,28,21,28,28,36,29,29,29,26,26,NULL,30,30,22,32,32,28,32,32,25,30,30,28,36,35,37,35,34,34
0.172685,NY,KINGS,"CONEY ISLAND AVE",0,SOUTHBOUND,120-18116,2019,01,Tuesday,NULL,NULL,NULL,16,16,NULL,NULL,NULL,NULL,12,12,NULL,NULL,NULL,NULL,13,13,NULL,26,26,NULL,13,13,NULL,15,16,21,17,17,NULL,15,15,NULL,18,18,NULL,18,18,NULL,14,13,6,14,14,NULL,20,20,NULL,16,16,NULL,19,19,16,17,17,NULL,19,19,NULL,20,20,NULL,16,16,NULL,17,17,NULL,25,25,NULL
0.134968,NY,KINGS,"CONEY ISLAND AVE",0,SOUTHBOUND,120-18115,2019,01,Tuesday,18,18,NULL,16,12,7,NULL,NULL,NULL,19,18,16,6,6,NULL,10,9,7,24,23,21,14,19,53,15,15,21,17,17,22,13,13,20,15,15,NULL,13,13,9,13,13,NULL,13,13,NULL,12,12,15,13,13,NULL,16,16,NULL,14,13,6,18,18,14,17,17,NULL,16,16,32,18,18,NULL,16,16,NULL
0.819303,NY,KINGS,"CONEY ISLAND AVE",0,SOUTHBOUND,120-18117,2019,01,Tuesday,21,21,NULL,18,18,NULL,11,11,NULL,14,14,NULL,23,23,NULL,9,9,NULL,15,15,NULL,15,15,NULL,13,13,12,14,14,NULL,17,17,7,15,15,NULL,15,15,NULL,16,16,NULL,14,14,NULL,13,13,NULL,12,12,NULL,12,12,NULL,13,13,NULL,15,15,NULL,15,15,NULL,14,14,NULL,21,21,NULL,15,15,NULL
1.831665,NJ,MORRIS,NJ-23,23,SOUTHBOUND,120-07466,2019,01,Tuesday,46,46,48,49,49,NULL,48,47,32,49,49,44,48,48,42,47,47,41,45,45,42,40,39,33,41,41,43,39,39,42,38,38,40,37,37,38,36,36,40,38,37,34,38,38,33,43,43,40,41,41,32,42,42,42,43,43,42,37,37,38,44,44,39,45,45,42,46,44,41,48,47,35
0.080617,NJ,MORRIS,NJ-23,23,SOUTHBOUND,120-07465,2019,01,Tuesday,43,43,NULL,41,40,38,41,41,36,50,44,31,50,50,44,49,48,35,39,39,40,36,35,26,36,36,30,35,35,28,34,34,32,36,36,31,35,35,31,35,35,32,36,36,34,37,37,35,37,37,34,40,40,37,44,43,32,43,43,41,42,42,NULL,45,44,27,47,45,34,51,51,NULL
0.299594,NY,ROCKLAND,"OLD NY-17",17,SOUTHBOUND,120-06132,2019,01,Tuesday,46,46,NULL,27,27,NULL,NULL,26,26,NULL,NULL,NULL,NULL,NULL,NULL,38,38,NULL,31,31,NULL,34,34,NULL,32,32,NULL,26,24,22,42,42,NULL,42,42,NULL,43,38,5,35,35,NULL,42,42,NULL,38,38,NULL,37,37,NULL,40,40,NULL,36,33,17,45,45,NULL,38,38,NULL,37,41,45,NULL,NULL,NULL,NULL,NULL,NULL
0.160711,NJ,MORRIS,NJ-23,23,SOUTHBOUND,120-07464,2019,01,Tuesday,41,41,NULL,43,41,39,40,40,30,48,45,35,50,50,43,49,48,37,41,41,37,39,39,26,36,36,31,37,37,27,36,36,31,34,34,31,34,33,29,34,34,32,35,35,25,36,37,32,38,38,31,40,39,36,40,39,28,38,38,41,39,39,NULL,43,42,27,45,43,34,47,47,NULL
0.36175,NJ,MORRIS,NJ-23,23,SOUTHBOUND,120-07463,2019,01,Tuesday,45,45,NULL,52,48,44,43,43,37,48,46,43,50,50,52,51,50,40,49,48,39,44,43,36,44,44,37,40,39,34,36,36,34,34,34,32,33,33,33,34,34,27,33,32,27,40,39,38,42,42,39,41,40,33,37,36,33,42,42,43,38,38,NULL,45,44,12,45,45,40,50,50,NULL
0.892705,NJ,MORRIS,NJ-23,23,SOUTHBOUND,120-07462,2019,01,Tuesday,46,46,NULL,48,46,45,43,42,38,43,44,44,46,44,39,45,45,44,43,42,40,35,35,38,39,39,39,42,42,36,39,39,39,39,38,37,40,40,37,43,42,29,40,40,41,44,43,37,46,46,40,46,45,44,43,41,32,46,45,40,42,42,NULL,40,40,30,40,40,39,40,39,42
0.445243,NJ,MORRIS,I-80,80,WESTBOUND,120P04327,2019,01,Tuesday,69,65,65,67,66,65,66,65,65,67,66,66,67,66,65,67,66,66,67,67,66,69,67,64,69,67,66,69,67,66,68,67,65,69,67,65,70,68,65,70,68,66,69,68,65,71,68,65,69,67,64,64,63,60,65,64,61,69,66,64,68,66,63,67,66,66,69,66,64,68,67,66
0.320938,NJ,MORRIS,I-80,80,WESTBOUND,120P04326,2019,01,Tuesday,68,66,65,65,67,66,66,66,65,62,64,66,66,65,65,65,66,66,66,66,66,67,65,64,66,66,64,67,65,64,66,65,65,66,65,64,67,66,64,67,66,65,67,66,64,67,66,64,66,64,61,62,60,57,60,60,60,65,63,62,67,65,64,65,64,64,68,65,63,65,63,63
0.706996,NJ,MORRIS,NJ-23,23,SOUTHBOUND,120-07461,2019,01,Tuesday,50,50,NULL,54,50,47,46,45,25,45,42,37,46,45,44,45,45,45,48,48,45,44,44,41,45,45,42,47,47,40,45,45,45,43,43,40,41,41,42,46,46,48,46,46,44,46,45,39,46,46,37,47,47,44,47,45,33,48,48,40,47,47,NULL,47,47,27,46,46,37,47,47,40
0.537647,NJ,MORRIS,I-80,80,WESTBOUND,120P04325,2019,01,Tuesday,68,65,64,62,63,63,63,62,60,61,60,61,65,61,60,63,63,63,63,62,62,64,63,62,63,62,60,62,62,62,62,62,62,63,63,62,64,63,61,63,62,61,63,63,61,64,63,59,60,60,58,57,57,54,57,57,55,61,60,59,63,61,59,63,63,62,65,63,60,63,63,62
0.683402,NJ,MORRIS,NJ-23,23,SOUTHBOUND,120-07460,2019,01,Tuesday,54,54,NULL,52,50,49,48,48,31,48,47,46,52,51,38,48,48,49,47,47,38,40,40,35,45,45,41,44,44,43,48,48,45,46,46,43,44,44,42,46,46,50,46,46,34,40,40,35,42,42,34,40,40,40,41,41,40,47,46,42,50,50,NULL,53,53,NULL,50,49,41,46,46,40
0.491132,NJ,MORRIS,I-80,80,WESTBOUND,120P04324,2019,01,Tuesday,63,59,58,62,60,59,62,59,54,61,59,56,61,59,59,60,59,59,61,59,58,63,61,58,64,62,58,62,60,58,62,60,59,62,61,59,64,61,57,60,58,58,62,60,56,62,59,55,55,53,49,54,53,48,56,55,49,61,58,54,63,61,57,63,60,57,64,60,58,62,59,58
0.403655,NJ,MORRIS,I-80,80,WESTBOUND,120P04323,2019,01,Tuesday,68,66,65,65,65,65,66,65,64,65,64,64,67,64,63,66,65,63,65,64,63,66,65,64,67,66,64,66,65,64,66,65,64,66,65,63,68,66,63,67,66,64,66,65,62,64,62,60,59,58,56,58,57,52,59,57,53,64,62,60,66,64,62,65,65,64,67,65,62,66,65,66
0.016914,NJ,MORRIS,I-80,80,WESTBOUND,120P04322,2019,01,Tuesday,64,63,63,66,65,63,65,64,60,65,62,59,66,63,61,64,63,63,64,63,63,65,63,61,66,65,62,65,64,62,65,63,61,65,63,61,66,64,62,65,64,61,66,65,61,64,61,57,51,50,45,52,51,45,59,57,50,63,60,56,63,61,59,66,64,63,66,63,60,67,64,62
0.769096,NJ,MORRIS,I-80,80,WESTBOUND,120P04321,2019,01,Tuesday,67,65,62,67,65,62,66,65,61,66,64,62,65,64,62,64,63,62,64,63,63,65,64,62,68,66,63,66,64,62,65,65,63,64,64,62,66,65,62,65,64,61,66,65,62,64,63,58,51,50,45,51,51,47,59,57,52,57,55,52,59,57,55,65,64,62,67,65,63,66,64,64
0.531589,NJ,MORRIS,I-80,80,WESTBOUND,120P04320,2019,01,Tuesday,69,67,65,67,65,64,67,65,63,65,65,63,64,64,64,64,63,61,66,64,63,65,64,62,67,66,64,66,65,63,65,65,64,65,64,63,65,65,63,65,65,63,65,65,62,62,61,58,52,51,49,50,49,45,59,58,52,64,62,59,66,64,60,67,65,62,67,65,61,68,64,62
0.507467,NY,ORANGE,NY-17,17,SOUTHBOUND,120-06139,2019,01,Tuesday,26,26,NULL,34,31,11,20,16,7,NULL,27,27,32,32,32,25,24,18,28,27,19,29,29,NULL,30,28,25,28,27,18,29,28,21,33,28,14,32,28,17,28,27,15,34,32,27,34,33,24,29,29,25,29,29,18,29,29,NULL,32,32,NULL,33,33,NULL,25,23,5,36,34,20,40,40,NULL
0.091453,NJ,MIDDLESEX,"PFEIFFER BLVD/W POND RD/KING GEORGES RD",184,EASTBOUND,120-07468,2019,01,Tuesday,33,33,NULL,35,36,38,26,35,38,27,28,29,29,29,NULL,27,27,27,25,25,16,26,26,25,26,26,24,24,24,19,21,20,17,20,20,22,20,20,19,20,19,18,19,18,23,21,21,20,20,19,19,18,17,6,21,22,21,23,22,16,25,24,17,23,23,NULL,26,26,NULL,34,34,NULL
0.188033,NJ,ESSEX,"PASSAIC AVE",613,SOUTHBOUND,120-20420,2019,01,Tuesday,18,18,NULL,30,30,NULL,45,45,NULL,NULL,NULL,NULL,39,39,NULL,32,31,21,24,22,9,18,18,5,13,13,NULL,22,22,11,26,26,NULL,25,25,NULL,28,28,25,24,24,32,21,21,NULL,25,25,NULL,20,20,NULL,24,24,NULL,21,21,NULL,26,26,21,27,27,12,33,33,NULL,16,16,NULL,40,40,NULL
0.153553,CT,"NEW HAVEN",I-91,91,NORTHBOUND,120P05607,2019,01,Tuesday,58,58,58,59,57,56,59,57,56,59,59,58,58,58,58,58,58,56,56,55,54,55,55,55,56,55,55,56,55,55,58,56,54,58,57,55,58,57,55,58,57,55,58,57,54,56,56,54,53,53,50,47,46,45,55,55,54,58,57,55,59,57,55,58,57,57,58,57,57,58,58,58
0.750542,NJ,MIDDLESEX,"PFEIFFER BLVD/W POND RD/KING GEORGES RD",184,EASTBOUND,120-07467,2019,01,Tuesday,36,35,26,35,36,38,37,36,37,37,37,38,34,36,42,36,34,31,31,31,NULL,30,30,22,28,28,29,28,28,NULL,35,33,24,27,27,25,28,27,21,27,26,25,25,25,24,25,24,20,25,25,22,24,24,18,24,25,34,27,27,NULL,31,31,30,32,32,NULL,37,37,38,32,32,NULL
1.031501,NY,KINGS,"CONEY ISLAND AVE",0,SOUTHBOUND,120-18112,2019,01,Tuesday,21,21,NULL,19,19,NULL,22,22,NULL,17,17,21,18,18,NULL,18,18,NULL,16,16,12,14,14,12,13,13,11,14,14,10,13,13,10,11,11,9,12,12,9,10,10,9,10,10,NULL,15,15,NULL,15,15,NULL,15,15,10,17,16,16,15,15,NULL,16,16,NULL,14,14,NULL,17,17,NULL,18,18,NULL
0.271576,CT,"NEW HAVEN",I-91,91,NORTHBOUND,120P05608,2019,01,Tuesday,59,59,59,60,58,58,62,59,58,61,60,60,59,59,60,60,59,58,57,57,57,56,57,57,58,57,57,57,56,58,59,58,57,60,58,57,60,58,57,60,59,57,59,58,55,58,57,56,54,53,52,45,45,46,56,56,54,58,58,56,61,59,57,60,59,58,58,59,59,60,59,60
0.377968,CT,"NEW HAVEN",I-91,91,NORTHBOUND,120P05609,2019,01,Tuesday,61,60,59,61,59,58,62,59,58,60,60,59,59,59,59,60,59,59,59,58,57,60,59,57,60,58,57,59,57,58,60,59,58,61,60,58,62,60,57,61,60,58,61,59,57,59,58,56,55,54,52,50,49,48,58,56,54,59,58,57,60,59,57,60,59,58,61,60,59,62,60,59
0.185597,NY,KINGS,"CONEY ISLAND AVE",0,SOUTHBOUND,120-18111,2019,01,Tuesday,15,15,NULL,17,17,NULL,20,20,NULL,15,17,25,16,16,NULL,19,19,NULL,20,20,14,14,14,NULL,12,12,NULL,14,14,6,13,12,12,11,11,10,11,11,5,10,10,9,10,10,NULL,14,14,NULL,13,13,NULL,13,13,11,14,14,13,15,15,NULL,12,12,NULL,15,15,NULL,16,16,NULL,17,17,NULL
0.687137,NY,KINGS,"CONEY ISLAND AVE",0,SOUTHBOUND,120-18114,2019,01,Tuesday,15,15,NULL,18,18,NULL,19,19,NULL,16,16,17,21,21,NULL,14,14,NULL,13,13,15,13,12,9,13,13,11,13,13,12,10,10,12,9,9,8,9,9,13,10,10,9,10,10,4,15,15,NULL,13,13,NULL,13,13,10,13,13,15,14,14,NULL,12,12,NULL,12,12,NULL,13,13,NULL,17,17,NULL
0.735958,NY,KINGS,"CONEY ISLAND AVE",0,SOUTHBOUND,120-18113,2019,01,Tuesday,20,20,NULL,18,18,NULL,22,22,NULL,14,14,19,15,15,NULL,16,16,NULL,15,16,22,13,13,7,13,13,11,12,12,11,12,12,13,12,12,15,12,12,9,13,12,7,12,12,6,13,13,6,12,12,NULL,12,12,10,12,11,12,15,15,NULL,13,13,NULL,15,15,NULL,13,13,NULL,18,18,NULL
0.624204,NY,KINGS,"CONEY ISLAND AVE",0,SOUTHBOUND,120-18110,2019,01,Tuesday,25,25,NULL,23,23,NULL,24,24,NULL,19,20,25,20,20,22,21,20,18,16,16,12,16,16,NULL,12,12,NULL,16,16,NULL,14,14,10,13,13,11,13,13,8,13,13,15,11,11,NULL,16,16,4,15,15,NULL,17,17,18,20,20,NULL,16,16,NULL,15,15,NULL,17,17,NULL,19,19,NULL,22,22,NULL
0.563596,NJ,BERGEN,NJ-17,17,SOUTHBOUND,120-06101,2019,01,Tuesday,49,49,48,43,43,44,48,48,50,52,50,45,51,48,46,48,48,46,48,48,39,41,41,38,42,42,37,41,41,38,43,42,35,41,41,40,38,38,33,41,40,34,41,40,30,36,37,35,39,38,32,41,40,35,35,35,33,45,44,34,45,45,39,44,43,45,46,45,41,50,50,41
0.380055,NJ,UNION,US-22,22,WESTBOUND,120-07433,2019,01,Tuesday,45,45,44,40,40,40,39,47,51,45,44,42,38,40,55,49,49,47,44,44,41,28,27,22,15,15,13,32,32,20,36,36,34,34,34,31,27,27,29,27,27,24,30,30,26,24,24,23,28,28,24,25,25,27,30,30,37,35,34,33,39,40,40,43,43,36,44,44,47,45,45,42
0.187611,NJ,MORRIS,I-80,80,WESTBOUND,120P04319,2019,01,Tuesday,67,60,58,64,63,60,64,63,61,63,62,59,64,62,61,62,61,59,63,62,60,65,63,60,66,65,61,64,63,60,64,63,60,64,62,59,64,62,60,64,63,59,65,63,57,59,57,53,47,46,44,44,43,39,55,53,49,63,61,55,64,63,60,65,63,59,65,64,59,66,62,60
0.756358,NJ,BERGEN,NJ-17,17,SOUTHBOUND,120-06102,2019,01,Tuesday,43,42,43,39,39,41,44,44,53,46,45,41,44,43,41,38,37,43,39,39,33,36,36,29,33,33,31,32,32,35,32,32,32,30,31,31,34,34,30,35,34,34,33,33,30,33,33,32,30,30,30,31,31,27,29,29,28,36,36,29,34,34,29,39,38,27,40,39,32,42,41,34
0.172225,NJ,UNION,US-22,22,WESTBOUND,120-07432,2019,01,Tuesday,44,43,36,40,41,45,45,42,39,44,44,37,40,40,55,48,49,50,43,43,43,31,31,28,24,24,21,30,30,28,36,36,35,32,32,32,29,29,27,27,27,24,30,30,23,28,28,22,26,26,23,25,25,24,30,30,NULL,32,32,33,38,38,36,42,41,36,43,43,50,47,44,11
1.53081,NJ,UNION,US-22,22,WESTBOUND,120-07431,2019,01,Tuesday,46,44,36,40,41,45,46,47,50,45,42,37,45,44,42,47,50,53,45,45,43,39,39,37,40,40,36,41,41,36,40,39,34,40,40,35,38,38,37,38,38,31,38,38,31,37,37,36,36,35,31,33,33,25,35,35,32,41,41,38,41,41,38,46,45,40,46,43,24,43,42,22
0.21912,NJ,BERGEN,"I-95 EXP",95,NORTHBOUND,120+04787,2019,01,Tuesday,47,46,47,47,47,46,47,46,46,47,46,45,47,46,46,43,42,42,18,18,18,14,14,13,25,24,25,29,28,26,33,32,31,35,35,34,45,45,42,43,42,44,40,39,37,42,42,40,49,48,43,43,43,41,45,43,41,47,46,44,44,43,42,47,46,44,47,45,44,44,43,43
0.822857,NJ,BERGEN,NJ-17,17,SOUTHBOUND,120-06100,2019,01,Tuesday,55,54,50,51,51,49,52,52,52,53,52,53,51,49,54,55,54,48,53,52,39,49,48,46,50,50,47,45,46,46,51,50,47,50,50,47,51,51,47,50,50,47,49,49,45,46,46,43,45,45,44,47,47,42,44,44,43,51,51,42,51,51,45,53,53,46,51,50,47,53,53,48
