COUNTY,YEAR,Avg_HH_Size,Employed_Labor_Force,GQ_Pop,HH_Pop,Households,Labor_Force,Payroll_Emp,Proprietors_Emp,Total_Emp,Total_Pop,FIPS
BERGEN,2000,2.638222945,454.4,11.349,872.769,330.817,469.2,483.6,86.503,570.103,884.118,34003
BERGEN,2005,2.68188536,451.7,11.324,890.984,332.223,468.9,474.6,114.397,588.997,902.308,34003
BERGEN,2010,2.66,438.688,10.422,894.694,335.73,477.342,451.0894513,107.48791,558.5773613,905.116,34003
BERGEN,2015,2.636460761,436.6226324,10.5720815,907.5779967,341.0506666,469.4774031,483.0698787,103.01794,586.0878187,921.5615738,34003
BERGEN,2020,2.628636038,444.3607116,10.70926881,919.3550705,345.2199961,464.6026241,518.7211391,105.57669,624.2978291,936.2518097,34003
BERGEN,2025,2.645140139,446.3123122,10.84969142,931.4098845,349.5293519,463.0118549,534.2231485,107.12393,641.3470785,951.1360988,34003
BERGEN,2030,2.667805319,471.1484808,11.08453311,951.5702616,356.1379492,488.7956204,552.1865566,114.36483,666.5513866,974.536452,34003
BERGEN,2035,2.708506008,482.5178752,11.3628335,975.4614232,364.0681846,501.1559752,563.9519483,126.64381,690.5957583,1003.466764,34003
BERGEN,2040,2.765731149,505.2094906,11.66363382,1001.28413,374.096149,524.7954716,578.1283743,141.85609,719.9844643,1030.441813,34003
BRONX,2000,2.77500367,451.8,47.235,1285.415,463.212,486.6,219.7016789,49.666,269.3676789,1332.65,36005
BRONX,2005,2.813062515,465.9,47.462,1317.104,468.21,503.6,223.5,84.49,307.99,1364.566,36005
BRONX,2010,2.77,473.993,46.71,1338.398,483.449,543.429,229.4562529,109.8813,339.3375529,1385.108,36005
BRONX,2015,2.709882102,509.2565192,47.09369968,1349.664499,498.0528483,556.322311,236.4018785,128.1338,364.5356785,1396.758199,36005
BRONX,2020,2.70709212,527.716578,47.32105478,1356.180299,500.9730879,566.4758624,245.1444366,142.0576,387.2020366,1403.501354,36005
BRONX,2025,2.651822366,539.2008059,47.9874187,1375.27771,518.616076,575.2367339,253.9541772,152.9122,406.8663772,1423.265128,36005
BRONX,2030,2.615010628,550.9655476,49.05262758,1405.80567,537.5908057,588.7488865,262.9494449,161.3711,424.3205449,1454.858298,36005
BRONX,2035,2.591545694,563.3571389,50.07184633,1435.015594,553.7296128,603.536058,271.9656353,168.8172,440.7828353,1485.08744,36005
BRONX,2040,2.549981731,579.4258894,50.74786078,1454.38958,570.3529412,621.4056404,282.2511566,176.1737,458.4248566,1505.137441,36005
DUTCHESS,2000,2.632082864,134.9,18.163,261.987,99.536,139.4,112.6,23.472,136.072,280.15,36027
DUTCHESS,2005,2.696478474,142.1,18.546,275.963,102.342,147.8995159,122.3,28.621,150.921,294.509,36027
DUTCHESS,2010,2.57,132.085,19.965,277.523,107.965,143.405,113.9016074,33.8132,147.7148074,297.488,36027
DUTCHESS,2015,2.530955036,153.9623646,20.55417511,285.7128144,112.887353,163.9406727,124.5271305,37.09659,161.6237205,306.2669896,36027
DUTCHESS,2020,2.488576205,163.6154556,21.28808055,295.9144493,118.9091371,170.6257745,134.5046939,39.82921,174.3339039,317.2025298,36027
DUTCHESS,2025,2.472207773,173.0254536,22.51951924,313.032033,126.6204388,179.4299952,144.7205475,41.90565,186.6261975,335.5515523,36027
DUTCHESS,2030,2.467455049,176.7292731,23.8813975,331.9627888,134.5365092,183.3997946,153.1716832,43.52562,196.6973032,355.8441863,36027
DUTCHESS,2035,2.481376101,180.7528475,25.24376547,350.9003518,141.4136099,187.8985447,161.3478491,44.97282,206.3206691,376.1441173,36027
DUTCHESS,2040,2.506970616,188.2046545,26.54018212,368.9211601,147.1581509,195.6905542,171.3342491,46.39915,217.7333991,395.4613423,36027
ESSEX,2000,2.71676488,349.6,22.789,770.844,283.736,366.1,395.2,50.823,446.023,793.633,34013
ESSEX,2005,2.70481361,345.9,21.429,767.737,283.841,366.3,381.9,71.146,453.046,789.166,34013
ESSEX,2010,2.68,322.83,23.772,760.197,283.712,362.78,366.6764285,81.50622,448.1826485,783.969,34013
ESSEX,2015,2.688375461,372.3144106,24.47605474,782.711736,291.9210654,410.2773196,374.5186219,85.134,459.6526219,810.1869929,34013
ESSEX,2020,2.687244256,383.6243235,24.87883758,795.5921965,295.8004592,411.1382168,398.6904335,87.8206,486.5110335,825.9294093,34013
ESSEX,2025,2.712243936,389.9795193,25.28858208,808.6952813,299.4667059,414.7174048,408.0250275,88.6331,496.6581275,841.8403788,34013
ESSEX,2030,2.736940782,422.3535773,25.93798691,829.4623857,305.8495037,449.1358727,418.539873,88.143,506.682873,865.9582322,34013
ESSEX,2035,2.765978471,432.4527038,26.4501515,845.8407294,310.5012366,460.394555,425.8559861,87.5323,513.3882861,887.0018157,34013
ESSEX,2040,2.841475456,452.7898787,27.30469376,873.1678562,320.8675186,482.1113378,434.4056703,86.9987,521.4043703,916.0241039,34013
FAIRFIELD,2000,2.666581337,453.4,17.976,864.591,324.232,462.3,429.4,108.042,537.442,882.567,9001
FAIRFIELD,2005,2.717936163,437.3,18.477,882.609,324.735,457.6,416.8,139.888,556.688,901.086,9001
FAIRFIELD,2010,2.68,434.159,19.168,897.661,335.545,473.538,387.3286405,165.4597,552.7883405,916.829,9001
FAIRFIELD,2015,2.69288707,454.9341719,19.75021443,924.9268174,343.4703326,494.4936651,407.7473833,183.6667,591.4140833,944.6770319,9001
FAIRFIELD,2020,2.65686354,485.1248968,20.03441977,938.2365026,353.1368805,510.4239984,421.9788241,198.6199,620.5987241,958.2709223,9001
FAIRFIELD,2025,2.662681688,504.6258414,20.60356974,964.8904952,362.3754577,526.0606014,435.6253236,209.8609,645.4862236,985.494065,9001
FAIRFIELD,2030,2.682403533,510.0701793,21.46683304,1005.318177,374.7826024,532.310109,455.993153,218.7594,674.752553,1026.78501,9001
FAIRFIELD,2035,2.71727194,533.0384924,22.58406764,1057.639646,389.2284871,557.6588811,479.9824663,226.6852,706.6676663,1080.223714,9001
FAIRFIELD,2040,2.760927099,558.8057904,23.77110784,1113.230198,403.2088346,584.6777823,508.8939217,234.484,743.3779217,1137.001306,9001
HUDSON,2000,2.600457176,283.4,9.45,599.525,230.546,297.8,244.6,30.513,275.113,608.975,34017
HUDSON,2005,2.58907695,274.9,9.45,593.52,229.24,290.6,250.9,43.138,294.038,602.97,34017
HUDSON,2010,2.54,265.585,9.378,624.888,246.437,297.664,238.8691654,54.94856,293.8177254,634.266,34017
HUDSON,2015,2.446286759,253.307124,9.491958439,632.4814379,250.3184031,281.4678873,275.3843543,61.10819,336.4925443,644.3587248,34017
HUDSON,2020,2.474537314,279.0132786,9.898405162,659.5643639,261.8104261,301.5481304,300.0398639,66.58054,366.6204039,673.9165266,34017
HUDSON,2025,2.539529123,293.9205724,10.3059986,686.7236994,273.7695162,315.1748141,313.7044225,70.72975,384.4341725,703.5960416,34017
HUDSON,2030,2.579357348,292.4745692,10.86842525,724.200098,290.8162311,313.5876402,327.7386043,73.94283,401.6814343,744.1411757,34017
HUDSON,2035,2.62240929,299.5323415,11.27903109,751.5601597,303.3452129,321.5174463,338.4874237,77.06688,415.5543037,775.7042542,34017
HUDSON,2040,2.731762524,313.6186025,11.87939967,791.5647577,319.825525,336.6834044,350.3490417,80.24545,430.5944917,817.3199886,34017
HUNTERDON,2000,2.693415449,66.4,4.346,117.643,43.678,67.9,45.6,18.807,64.407,121.989,34019
HUNTERDON,2005,2.725428578,69.1,4.288,125.754,46.141,71.2,52.9,21.989,74.889,130.042,34019
HUNTERDON,2010,2.62,66.929,4.569,123.78,47.169,71.983,49.63076945,25.29981,74.93057945,128.349,34019
HUNTERDON,2015,2.685864751,67.48340786,4.789490016,129.7533539,49.29068962,71.78864874,52.39866401,28.34388,80.74254401,132.3654842,34019
HUNTERDON,2020,2.674825904,72.22500439,4.904865449,132.8790206,50.2146446,74.6049475,59.25526918,31.042,90.29726918,134.0755907,34019
HUNTERDON,2025,2.720765745,75.22974984,5.021376256,136.035446,51.03893036,77.20781127,64.05137459,33.1622,97.21357459,135.8323827,34019
HUNTERDON,2030,2.762742836,75.74082442,5.193825761,140.7073217,52.4111108,77.67455101,68.96894526,34.39147,103.3604153,139.0799517,34019
HUNTERDON,2035,2.860041313,77.56854401,5.503507944,149.0970045,55.2030282,79.63873598,73.55056461,34.9138,108.4643646,145.0231998,34019
HUNTERDON,2040,2.900733729,81.21639968,5.651835646,153.1153899,56.75003112,83.39529025,78.2660368,34.95805,113.2240868,148.0741211,34019
KINGS,2000,2.754573211,976.1,39.299,2426.027,880.727,1042.6,456.7609269,127.885,584.6459269,2465.326,36047
KINGS,2005,2.801051049,987.4,40.416,2470.992,882.166,1052.7,420.4,192.956,613.356,2511.408,36047
KINGS,2010,2.69,1018.022,35.609,2469.091,916.856,1133.377,468.0236726,234.2173,702.2409726,2504.7,36047
KINGS,2015,2.67046469,1078.947684,35.9626877,2493.615337,933.775813,1163.821013,489.7490109,264.5448,754.2938109,2529.578025,36047
KINGS,2020,2.648868865,1122.357855,36.54053504,2533.68267,956.51495,1187.878281,514.9901968,290.8341,805.8242968,2570.223205,36047
KINGS,2025,2.638156469,1149.729159,37.30520547,2586.704122,980.4968554,1208.689617,540.4972054,310.8458,851.3430054,2624.009327,36047
KINGS,2030,2.626778728,1179.084874,38.46269087,2666.962955,1015.297911,1240.840071,566.5330355,326.5345,893.0675355,2705.425646,36047
KINGS,2035,2.626967534,1209.993662,39.54135927,2741.756699,1043.696454,1276.130826,592.5134968,341.121,933.6344968,2781.298058,36047
KINGS,2040,2.663738251,1249.23757,39.81977427,2761.061705,1036.536418,1318.90956,621.2116333,355.5812,976.7928333,2800.88148,36047
LITCHFIELD,2000,2.511243728,101.1,2.511,179.682,71.551,103,66.2,23.915,90.115,182.193,9005
LITCHFIELD,2005,2.530146262,98.8,2.532,186.826,73.84,103.5,62.7,29.639,92.339,189.358,9005
LITCHFIELD,2010,2.44,96.314,2.804,187.123,76.64,105.655,65.41730039,33.57496,98.99226039,189.927,9005
LITCHFIELD,2015,2.442951168,98.6389324,2.92613899,195.273861,79.93359162,107.2162309,69.13005829,36.24074,105.3707983,198.2,9005
LITCHFIELD,2020,2.393846422,104.6185584,3.099306794,206.8300946,86.40073677,110.0743813,72.26669273,38.61379,110.8804827,209.9294014,9005
LITCHFIELD,2025,2.372420262,111.5656611,3.259819763,217.5418165,91.6961552,116.3045844,75.41888957,40.24339,115.6622796,220.8016363,9005
LITCHFIELD,2030,2.396733717,113.2233344,3.429423683,228.8602168,95.48837871,118.1600648,79.22137307,41.60907,120.8304431,232.2896405,9005
LITCHFIELD,2035,2.438289548,118.652591,3.648087021,243.4525634,99.84563302,124.1330074,83.40514894,42.88067,126.2858189,247.1006504,9005
LITCHFIELD,2040,2.492693822,124.5376587,3.86344088,257.8240541,103.4318984,130.3035927,88.12417353,44.147,132.2711735,261.687495,9005
MERCER,2000,2.620434475,174.3,21.092,329.669,125.807,180.2,194.4,27.423,221.823,350.761,34021
MERCER,2005,2.713172075,187.2,21.158,344.912,127.125,194.7,230.6,35.21,265.81,366.07,34021
MERCER,2010,2.61,188.013,18.805,347.708,133.155,203.947,238.3166667,42.78108,281.0977467,366.513,34021
MERCER,2015,2.682284822,183.2263383,19.75104893,365.2006232,136.1528128,196.5712284,242.7593345,46.68199,289.4413245,384.9516722,34021
MERCER,2020,2.732834913,197.6434596,20.43817332,377.905683,138.2833926,206.1972419,255.3890911,50.10337,305.4924611,398.3438563,34021
MERCER,2025,2.817186788,204.7674878,21.12866822,390.6730641,138.6748886,212.0734246,268.8714592,52.72953,321.6009892,411.8017323,34021
MERCER,2030,2.904428758,201.0986042,22.10211315,408.6722445,140.7065824,208.24526,282.6840945,54.74607,337.4301645,430.7743577,34021
MERCER,2035,3.128574411,205.9513617,23.84179368,440.839266,140.9073936,213.5112345,295.4167053,56.69621,352.1129153,464.6810597,34021
MERCER,2040,3.224014883,215.6367419,24.58818301,454.6401456,141.0167639,223.5825463,308.5220047,58.67902,367.2010247,479.2283286,34021
MIDDLESEX,2000,2.743795497,387.8,20.82,729.342,265.815,401.2,421.4,50.033,471.433,750.162,34023
MIDDLESEX,2005,2.868962196,401.4,20.82,768.463,267.854,418.6,413.9,68.747,482.647,789.283,34023
MIDDLESEX,2010,2.8,386.219,23.835,786.023,281.186,422.895,409.182939,74.06156,483.244499,809.858,34023
MIDDLESEX,2015,2.73056915,408.5703858,24.39469252,804.4803609,291.3676076,441.3781176,430.6310886,76.51317,507.1442586,831.9548371,34023
MIDDLESEX,2020,2.739368259,420.9981565,25.22188617,831.7592881,304.6135017,442.108133,463.868981,78.23708,542.106061,862.6824418,34023
MIDDLESEX,2025,2.790598329,438.7458354,26.05337607,859.1798958,318.4071967,457.3146453,481.5531031,78.24924,559.8023431,893.5725806,34023
MIDDLESEX,2030,2.820025128,448.6862218,27.22902757,897.9501547,337.1464656,467.7023927,500.3805844,77.1802,577.5607844,936.5982933,34023
MIDDLESEX,2035,2.871378664,459.5135742,28.38179575,935.9657746,355.9775074,479.5293553,515.8624557,76.0242,591.8866557,980.6110147,34023
MIDDLESEX,2040,2.957273028,481.1233545,29.59929703,976.1161423,371.6356431,502.1487254,532.6147705,74.9375,607.5522705,1023.084584,34023
MONMOUTH,2000,2.699232059,307.9,10.036,605.265,224.236,318.1,258.9,54.796,313.696,615.301,34025
MONMOUTH,2005,2.705806943,315.1,10.081,624.76,230.896,328.1,269,71.417,340.417,634.841,34025
MONMOUTH,2010,2.66,304.741,7.67,622.71,233.983,333.37,246.2337533,78.09664,324.3303933,630.38,34025
MONMOUTH,2015,2.698894251,336.8900967,7.929734042,643.7972211,240.7810416,363.4083645,241.7418506,80.60684,322.3486906,644.5564315,34025
MONMOUTH,2020,2.719498894,355.8629397,8.079718942,655.9741568,244.0274953,373.2607858,264.5066132,82.234,346.7406132,650.9049312,34025
MONMOUTH,2025,2.75629849,364.9558016,8.231838306,668.3243848,247.456703,379.890103,279.9881318,82.2929,362.2810318,657.4919661,34025
MONMOUTH,2030,2.790921462,364.5774765,8.466423383,687.3698181,253.1882136,379.5755979,296.2274434,81.1919,377.4193434,670.7941502,34025
MONMOUTH,2035,2.812325499,373.375181,8.563484282,695.2499735,254.8359386,389.1740658,311.6312705,79.9722,391.6034705,677.5092019,34025
MONMOUTH,2040,2.913314042,390.934087,8.889120746,721.6876636,264.8026037,407.5313825,327.212834,78.8172,406.030034,696.9203025,34025
MORRIS,2000,2.716535758,254.4,9.186,461.026,169.711,261.3,280.3,54.574,334.874,470.212,34027
MORRIS,2005,2.784420731,259.2,9.454,480.63,172.614,267.8,297.7,72.246,369.946,490.084,34027
MORRIS,2010,2.68,250.64,8.866,483.41,180.534,270.282,276.3858136,89.16631,365.5521236,492.276,34027
MORRIS,2015,2.624977011,264.2831605,8.915319704,486.0991087,182.9217343,282.4583681,293.2169319,106.4371,399.6540319,494.5464956,34027
MORRIS,2020,2.605048878,271.3660536,8.988172445,490.0713334,185.5877862,281.9749596,316.8765298,120.9545,437.8310298,497.1702979,34027
MORRIS,2025,2.610591455,275.014111,9.06047509,494.0135645,188.0627024,283.608622,328.7336748,132.4964,461.2300748,499.8172552,34027
MORRIS,2030,2.626653696,295.8156642,9.20314398,501.7924466,191.80266,304.9975316,342.2506826,140.393,482.6436826,506.5831925,34027
MORRIS,2035,2.682185286,302.9540613,9.523597835,519.2648804,199.4076084,312.7101165,351.5678457,145.7563,497.3241457,521.8987747,34027
MORRIS,2040,2.709305752,317.2012372,9.68914962,528.2914299,203.0858266,327.4606334,362.5114695,149.6366,512.1480695,530.1707443,34027
NASSAU,2000,2.934564482,655.5,21.658,1312.886,447.387,677.9,622.0380207,121.211,743.2490207,1334.544,36059
NASSAU,2005,2.991465133,666.2,23.907,1307.713,437.148,694.6,608.7255513,159.761,768.4865513,1331.62,36059
NASSAU,2010,2.94,638.444,21.666,1317.866,448.528,687.538,599.4243007,151.581,751.0053007,1339.532,36059
NASSAU,2015,2.947263081,654.014436,21.88869686,1331.411861,451.7451697,702.7529881,626.3957238,157.2073,783.6030238,1353.300557,36059
NASSAU,2020,2.959843426,678.9277643,22.03770831,1340.475699,452.887368,711.1784203,647.4769002,163.1481,810.6250002,1362.513407,36059
NASSAU,2025,3.003733704,697.2425538,22.60450695,1374.952052,457.7476526,725.6006785,655.5248899,165.9143,821.4391899,1397.556559,36059
NASSAU,2030,3.088345742,710.3054473,23.36042463,1420.931845,460.0948094,739.7457375,670.7724769,169.1102,839.8826769,1444.29227,36059
NASSAU,2035,3.150804765,720.4676607,24.05644195,1463.268113,464.4109114,751.8060758,684.309905,172.4022,856.712105,1487.324555,36059
NASSAU,2040,3.224844018,729.4556171,24.66560829,1500.321542,465.238484,761.659331,700.5897113,175.7182,876.3079113,1524.98715,36059
NEW HAVEN,2000,2.496031846,418.5,27.674,796.334,319.04,429.3,368.8,69.014,437.814,824.008,9009
NEW HAVEN,2005,2.514198295,411.1,28.537,815.973,324.546,434.2,364.8,91.127,455.927,844.51,9009
NEW HAVEN,2010,2.49,408.942,29.198,833.279,334.502,454.652,351.9569438,106.8605,458.8174438,862.477,9009
NEW HAVEN,2015,2.491528868,432.8162196,29.57560053,844.0553062,338.7700287,470.4524127,369.7833199,117.3886,487.1719199,873.6309067,9009
NEW HAVEN,2020,2.487251072,454.2357618,30.27443409,863.9992522,347.3711447,477.9240054,383.9300003,126.4024,510.3324003,894.2736863,9009
NEW HAVEN,2025,2.477767422,467.5623963,30.89420209,881.6867532,355.8391904,487.4228295,398.0047924,133.1732,531.1779924,912.5809553,9009
NEW HAVEN,2030,2.500444128,488.9703234,32.31287191,922.174039,368.8040972,510.2902633,416.1731867,138.4391,554.6122867,954.4869109,9009
NEW HAVEN,2035,2.539184064,511.8606595,34.14413969,974.4364194,383.7596625,535.5028702,436.6690701,143.1355,579.8045701,1008.580559,9009
NEW HAVEN,2040,2.578419647,538.4924833,35.9170793,1025.034178,397.5435801,563.423995,460.3954189,147.8583,608.2537189,1060.951257,9009
NEW YORK,2000,2.000094768,811.9,59.837,1477.358,738.644,855.3,2459.651604,222.59,2682.241604,1537.195,36061
NEW YORK,2005,2.11117947,830.7,62.076,1544.199,731.439,875.3,2392.3,283.596,2675.896,1606.275,36061
NEW YORK,2010,1.99,860.899,67.373,1518.5,763.846,935.428,2393.702528,320.4675,2714.170028,1585.873,36061
NEW YORK,2015,2.034781328,907.9968693,68.85271626,1551.850885,762.6622397,963.770011,2421.990171,340.8661,2762.856271,1620.703601,36061
NEW YORK,2020,2.062220829,953.4041633,70.27598839,1583.929591,768.069825,986.2484411,2521.68888,358.905,2880.59388,1654.20558,36061
NEW YORK,2025,2.06057456,962.9572169,72.21502136,1627.632879,789.8927369,1005.748099,2623.037976,371.9246,2994.962576,1699.8479,36061
NEW YORK,2030,2.010633179,990.8245632,74.80163008,1685.931683,838.5078394,1035.92887,2730.501953,381.5948,3112.096753,1760.733313,36061
NEW YORK,2035,1.985675102,1020.348483,77.50761893,1746.921161,879.7618295,1069.167277,2839.528065,390.64,3230.168065,1824.42878,36061
NEW YORK,2040,1.983728142,1057.81489,78.53020596,1769.968945,892.2437042,1109.595498,2997.221808,399.3446,3396.566408,1848.499151,36061
OCEAN,2000,2.51007974,223.5,7.891,503.025,200.402,232.1,137.3,39.716,177.016,510.916,34029
OCEAN,2005,2.489029106,238.9,7.883,550.287,221.085,250.2,154.6,55.273,209.873,558.17,34029
OCEAN,2010,2.58,236.69,7.163,569.404,221.111,263.27,149.2153969,67.56451,216.7799069,576.567,34029
OCEAN,2015,2.530304933,252.2403241,7.461699676,593.1483516,230.8169354,273.6272854,159.7791363,76.78792,236.5670563,602.8416892,34029
OCEAN,2020,2.558992289,272.2601675,7.831920448,622.5780861,242.4129316,286.9715591,177.0054416,84.05415,261.0595916,634.6039564,34029
OCEAN,2025,2.634970149,284.3556117,8.202727949,652.0544611,253.9754338,297.4415431,188.651734,89.88523,278.536964,666.4771185,34029
OCEAN,2030,2.691790222,282.8792918,8.707792766,692.2032713,269.5181809,295.9719392,200.5557486,94.26829,294.8240386,709.5621247,34029
OCEAN,2035,2.794064428,289.7055183,9.354536249,743.6144574,289.3478306,303.4562906,211.6018195,98.27583,309.8776495,765.6675991,34029
OCEAN,2040,2.871144207,303.3296482,9.789394102,778.1823481,303.1147405,317.7703051,222.9747504,102.2827,325.2574504,801.580358,34029
ORANGE,2000,2.854610238,156.9,13.692,327.675,114.788,162.4,119,26.697,145.697,341.367,36071
ORANGE,2005,2.906943004,170.8,14.103,358.647,123.376,178.2997382,123.3,35.369,158.669,372.75,36071
ORANGE,2010,2.86,164.305,12.23,360.583,125.925,179.09,125.8719091,44.83428,170.7061891,372.813,36071
ORANGE,2015,2.789190215,191.8620918,12.90154341,380.3824387,136.3773746,204.7505712,134.0048924,51.9862,185.9910924,393.2839822,36071
ORANGE,2020,2.748251987,204.8063078,13.50422713,398.1516543,144.8745079,214.100387,140.8544914,57.55606,198.4105514,411.6558814,36071
ORANGE,2025,2.739018367,214.6834893,14.0809375,415.1550849,151.5707561,223.2068292,145.7981611,61.92743,207.7255911,429.2360224,36071
ORANGE,2030,2.751190934,219.2216605,14.76121566,435.2120544,158.1904218,228.135419,150.0701339,65.25801,215.3281439,449.9732701,36071
ORANGE,2035,2.765917701,223.0977326,15.59969529,459.9333545,166.2859869,232.6286064,154.2678956,68.13518,222.4030756,475.5330497,36071
ORANGE,2040,2.805697725,230.654075,16.57616174,488.7229868,174.1894654,240.5638297,159.1330347,70.88291,230.0159447,505.2991486,36071
PASSAIC,2000,2.923744019,225.5,9.976,479.073,163.856,236.3,178.5,30.457,208.957,489.049,34031
PASSAIC,2005,2.969309213,224,11.304,485.681,163.567,236.9,184.4,41.153,225.553,496.985,34031
PASSAIC,2010,2.94,215.693,11.019,490.207,166.785,243.037,172.6830499,46.74978,219.4328299,501.226,34031
PASSAIC,2015,2.915324366,216.9702099,11.30492252,502.9269585,171.82877,240.1356516,192.1521504,50.87835,243.0305004,516.1425707,34031
PASSAIC,2020,2.918918227,230.5096252,11.57791902,515.0718711,176.2275588,248.2361816,206.0063817,54.58177,260.5881517,530.1534509,34031
PASSAIC,2025,2.957844091,240.9592937,11.85359125,527.3358204,180.5091969,257.3504638,211.4240906,57.36215,268.7862406,544.2688264,34031
PASSAIC,2030,2.988819238,247.7690381,12.2614644,545.481049,186.850023,264.6601881,218.0827528,59.53094,277.6136928,564.6265028,34031
PASSAIC,2035,3.011168348,253.7480109,12.47569842,555.0117703,190.0876997,271.3527477,221.7107215,61.64704,283.3577615,577.0579816,34031
PASSAIC,2040,3.119853283,265.6811486,12.9951495,578.1208142,198.2091518,284.1524401,226.5220785,63.80091,290.3229885,601.3247944,34031
PUTNAM,2000,2.861541755,50.9,2.164,93.581,32.703,52.4,21.5,9.96,31.46,95.745,36079
PUTNAM,2005,2.851003364,54.2,2.214,98.314,34.484,56.19965643,22.4,12.349,34.749,100.528,36079
PUTNAM,2010,2.77,50.543,2.592,97.118,35.041,54.286,24.44397622,15.04384,39.48781622,99.71,36079
PUTNAM,2015,2.703762964,56.68079366,2.709829268,101.5328699,37.55243018,60.20534948,25.41149601,16.77094,42.18243601,104.2426992,36079
PUTNAM,2020,2.655306021,55.80563934,2.786941807,104.4221506,39.3258441,58.0516553,26.31294803,18.1862,44.49914803,107.2090924,36079
PUTNAM,2025,2.646959743,58.18139163,2.915376697,109.2343958,41.26787199,60.18901111,27.23839034,19.27539,46.51378034,112.1497725,36079
PUTNAM,2030,2.675369938,59.99585897,3.058613243,114.6012349,42.83565921,62.118,27.98692075,20.11602,48.10294075,117.6598482,36079
PUTNAM,2035,2.732092301,62.40897579,3.2293747,120.9993874,44.288177,64.73423609,28.70880536,20.86275,49.57155536,124.2287621,36079
PUTNAM,2040,2.671675308,64.89616828,3.429296883,128.4901446,48.09347311,67.3297903,29.61151107,21.5934,51.20491107,131.9194414,36079
QUEENS,2000,2.814114358,1007.7,26.873,2202.506,782.664,1064.3,493.3246935,130.823,624.1476935,2229.379,36081
QUEENS,2005,2.850349447,1018.5,26.112,2230.464,782.523,1074.6,472.4,174.776,647.176,2256.576,36081
QUEENS,2010,2.82,1044.044,28,2202.722,780.117,1141.56,508.0136141,200.8717,708.8853141,2230.722,36081
QUEENS,2015,2.818408631,1097.857645,28.7127647,2258.794232,801.4431288,1180.448607,514.5208618,219.3307,733.8515618,2287.506996,36081
QUEENS,2020,2.844248481,1148.639127,29.49985498,2320.713556,815.9320717,1211.413079,532.2090316,235.3033,767.5123316,2350.213411,36081
QUEENS,2025,2.880718318,1182.069683,30.50890633,2400.094256,833.1582583,1238.354855,549.6386983,246.885,796.5236983,2430.603163,36081
QUEENS,2030,2.911858978,1220.960661,31.48128708,2476.59013,850.5185686,1280.143205,567.3307927,256.0828,823.4135927,2508.071417,36081
QUEENS,2035,2.953536405,1262.772618,32.55529513,2561.080886,867.1235208,1326.331791,585.5994982,264.6482,850.2476982,2593.636181,36081
QUEENS,2040,3.007526136,1315.073643,33.1853766,2610.64854,868.0385214,1382.722316,609.946293,273.0899,883.036193,2643.833917,36081
RICHMOND,2000,2.779450048,206.1,9.186,434.542,156.341,217.2,93.67672109,23.24,116.9167211,443.728,36085
RICHMOND,2005,2.878492259,216.1,9.107,465.907,161.858,227.8,90.7,33.943,124.643,475.014,36085
RICHMOND,2010,2.78,227.984,7.838,460.892,165.516,249.607,108.7289326,37.75754,146.4864726,468.73,36085
RICHMOND,2015,2.814047854,243.4189445,8.043547287,472.978642,168.0776826,259.1410884,119.5545773,41.68173,161.2363073,481.0221893,36085
RICHMOND,2020,2.749156801,255.5652044,8.221807914,483.4607672,175.8578365,266.7646262,131.2767051,44.89253,176.1692351,491.6825751,36085
RICHMOND,2025,2.743662355,263.5210665,8.4777303,498.5095781,181.6949441,273.4192893,142.8564428,47.39022,190.2466628,506.9873084,36085
RICHMOND,2030,2.728966666,273.1200028,8.78946785,516.8404461,189.390531,283.7658293,154.3687741,49.27386,203.6426341,525.6299139,36085
RICHMOND,2035,2.725627465,283.5264171,9.099246013,535.0560976,196.3056597,295.2470832,166.0560545,50.97312,217.0291745,544.1553436,36085
RICHMOND,2040,2.712803569,296.7296664,9.248824074,543.8516235,200.4758582,309.3220853,178.7113594,52.63226,231.3436194,553.1004476,36085
ROCKLAND,2000,3.011642838,140.6,7.649,279.104,92.675,145.3,110.6,23.887,134.487,286.753,36087
ROCKLAND,2005,3.086034349,146,7.857,286.779,92.928,152.299911,114.5,30.471,144.971,294.636,36087
ROCKLAND,2010,3.07,141.068,7.183,304.504,99.242,151.93,115.1402541,36.89391,152.0341641,311.687,36087
ROCKLAND,2015,3.050005701,149.618298,7.369761065,312.4212339,102.433,159.6709737,121.802632,40.82702,162.629652,319.790995,36087
ROCKLAND,2020,3.033285889,149.1052561,7.474055086,316.8424989,104.4552049,155.8321042,128.4292128,44.10578,172.5349928,324.316554,36087
ROCKLAND,2025,3.051030191,154.0254522,7.651133851,324.3492778,106.3081181,160.0751112,135.1380346,46.58075,181.7187846,332.0004116,36087
ROCKLAND,2030,3.099247013,151.2152754,7.818673783,331.4516834,106.9458749,157.2816376,141.0678005,48.55875,189.6265505,339.2703571,36087
ROCKLAND,2035,3.147670728,153.37131,8.116008726,344.0564,109.3050798,159.810011,146.6688544,50.2925,196.9613544,352.1724087,36087
ROCKLAND,2040,3.263065036,155.9456575,8.379631288,355.2319707,108.8645083,162.5303142,153.2164279,52.05536,205.2717879,363.611602,36087
SOMERSET,2000,2.688293694,161.3,4.509,292.981,108.984,165.5,199.2,25.992,225.192,297.49,34035
SOMERSET,2005,2.772870968,169.6,4.94,314.89,113.561,175.4,175.4,34.651,210.051,319.83,34035
SOMERSET,2010,2.71,167.229,3.97,319.474,117.759,180.58,177.651244,40.80863,218.459874,323.444,34035
SOMERSET,2015,2.712227214,162.5649636,4.090494946,329.1704742,121.4502238,173.5285601,181.6511105,44.67176,226.3228705,329.189374,34035
SOMERSET,2020,2.738490169,179.748436,4.208251592,338.6465917,124.8914153,186.5723489,200.4571703,48.10439,248.5615603,335.2797883,34035
SOMERSET,2025,2.783843355,186.225934,4.326858631,348.1911421,128.3524371,191.9358506,213.6355141,50.70746,264.3429741,341.3485675,34035
SOMERSET,2030,2.828230734,176.9134757,4.497993915,361.9627476,133.2365192,182.2768092,226.9087577,52.72303,279.6317877,349.6216111,34035
SOMERSET,2035,2.950530063,181.1826162,4.832736594,388.9001739,143.0162175,186.88611,239.5816069,54.68261,294.2642169,360.3736874,34035
SOMERSET,2040,2.982603025,189.703184,4.962479898,399.3408824,147.0090933,195.7015163,252.4681053,56.67639,309.1444953,376.6293758,34035
SUFFOLK,2000,2.96354989,710.7,28.578,1390.791,469.299,735.9,595.8962617,118.225,714.1212617,1419.369,36103
SUFFOLK,2005,2.978720152,746.7,30.168,1441.918,484.073,779.4,631.9127341,150.001,781.9137341,1472.086,36103
SUFFOLK,2010,2.93,726.695,29.406,1463.944,499.922,786.747,627.0506993,166.1897,793.2403993,1493.35,36103
SUFFOLK,2015,2.879783079,751.3839291,30.28846343,1507.87643,523.6076429,806.1290977,672.7600262,175.6009,848.3609262,1538.164894,36103
SUFFOLK,2020,2.867565374,793.1585725,30.85904247,1536.282053,535.7443869,829.5931784,707.8105998,185.4262,893.2367998,1567.141096,36103
SUFFOLK,2025,2.8842899,822.1000724,31.74163618,1580.22097,547.8717551,854.2885929,742.8351101,191.7956,934.6307101,1611.962606,36103
SUFFOLK,2030,2.920749958,842.6163335,32.89959129,1637.868438,560.7698232,876.3481654,778.4652731,197.1794,975.6446731,1670.768029,36103
SUFFOLK,2035,3.000491486,873.3971514,34.15067291,1700.152102,566.6245379,910.3411035,812.636095,202.6698,1015.305895,1734.302775,36103
SUFFOLK,2040,3.065127105,901.6173986,35.21147815,1752.963074,571.9055082,940.340669,849.1550387,208.2374,1057.392439,1788.174552,36103
SULLIVAN,2000,2.499584252,31.7,4.825,69.141,27.661,33.2,24.66666667,7.603,32.26966667,73.966,36105
SULLIVAN,2005,2.426710652,33.7,4.8,71.355,29.404,35.4,26.1,9.4,35.5,76.155,36105
SULLIVAN,2010,2.45,31.804,3.825,73.722,30.139,35.02,26.12050869,11.44647,37.56697869,77.525,36105
SULLIVAN,2015,2.43,36.25976436,4.087760142,78.76285555,32.41269776,38.69673009,27.68272889,12.69481,40.37753889,82.85061569,36105
SULLIVAN,2020,2.43,43.85140073,4.283387141,82.53219145,33.96386479,45.83994868,29.16450827,13.74046,42.90496827,86.81557859,36105
SULLIVAN,2025,2.697648141,48.48127375,4.537999403,87.43805385,32.41269776,50.40510197,30.67723983,14.52884,45.20607983,91.97605326,36105
SULLIVAN,2030,2.45,55.9727667,4.857792605,93.59982092,38.20400854,58.22607628,31.95737643,15.14843,47.10580643,98.45761352,36105
SULLIVAN,2035,2.422692986,61.42699561,5.19533211,100.1035233,41.31911218,64.00414936,33.19716028,15.70306,48.90022028,105.2988554,36105
SULLIVAN,2040,2.422744732,66.20216852,5.586863581,107.6475414,44.43206087,68.99574455,34.7,16.25193,50.95193,113.234405,36105
SUSSEX,2000,2.802994236,77.2,1.687,142.479,50.831,79.5,38.2,15.538,53.738,144.166,34037
SUSSEX,2005,2.737552789,79.9,1.687,151.039,55.173,83.1,42.23194576,19.212,61.44394576,152.726,34037
SUSSEX,2010,2.69,76.671,1.742,147.523,54.752,84.561,37.64093966,25.46366,63.10459966,149.265,34037
SUSSEX,2015,2.745228384,79.0994219,1.897059837,160.6543963,59.99638383,85.62708625,39.91808587,31.2311,71.14918587,160.9648386,34037
SUSSEX,2020,2.75643092,87.24325219,1.977888351,167.4994392,62.85434132,91.62974852,45.4287339,36.15659,81.5853239,166.9089482,34037
SUSSEX,2025,2.82706461,91.18386057,2.058948552,174.3641029,65.7126851,95.04140482,49.51211979,40.32211,89.83422979,172.8808123,34037
SUSSEX,2030,2.88656918,89.35077288,2.170853801,183.8409101,69.50641115,93.15281376,53.87444013,43.65172,97.52616013,181.3664321,34037
SUSSEX,2035,2.983888843,91.50691732,2.306087419,195.2933033,74.15738296,95.50840326,58.17990223,46.47185,104.6517522,191.6896254,34037
SUSSEX,2040,3.070519445,95.81026001,2.407812449,203.9079885,77.50943295,100.0135288,62.78576709,49.04105,111.8268171,199.5030135,34037
ULSTER,2000,2.466036534,85.6,11.294,166.455,67.499,88.7,62.8,16.846,79.646,177.749,36111
ULSTER,2005,2.496220815,88.2,11.689,170.744,68.401,92.2,61.5,21.551,83.051,182.433,36111
ULSTER,2010,2.4,81.61,11.773,170.72,71.049,88.883,60.70229456,25.46995,86.17224456,182.515,36111
ULSTER,2015,2.41,91.97549333,12.39592375,179.776167,74.5959199,97.68106625,63.97589817,28.04677,92.02266817,192.1720907,36111
ULSTER,2020,2.42,109.9664129,13.06857397,189.5315091,78.3188054,114.3956962,68.84735364,30.18916,99.03651364,202.600083,36111
ULSTER,2025,2.37,116.2485129,13.768096,199.676569,84.25171687,120.275413,71.83843259,31.81881,103.6572426,213.444665,36111
ULSTER,2030,2.38,120.554898,14.58304175,211.4956013,88.86369802,124.8,74.0131792,33.089,107.1021792,226.078643,36111
ULSTER,2035,2.352393226,123.021167,15.5079528,224.9094435,95.60877873,127.5609288,76.14557244,34.22334,110.3689124,240.4173963,36111
ULSTER,2040,2.361672672,135.0994466,16.63092856,241.1957874,102.1292198,140.1175823,79.05504445,35.34071,114.3957545,257.8267159,36111
UNION,2000,2.765538028,254.5,7.808,514.733,186.124,264.7,238.8,32.571,271.371,522.541,34039
UNION,2005,2.865561876,254.6,7.808,522.902,182.478,267.3,242.5,44.249,286.749,530.71,34039
UNION,2010,2.82,243.455,6.804,529.695,188.118,269.452,237.1410488,53.44873,290.5897788,536.499,34039
UNION,2015,2.794973274,267.3611925,6.94851175,540.9453162,192.4952372,291.5825823,251.4485976,61.9763,313.4248976,549.9295925,34039
UNION,2020,2.80301815,278.2028104,7.105936142,553.2008884,196.825423,295.0231307,269.0684804,68.72525,337.7937304,564.0343966,34039
UNION,2025,2.841544608,285.7205962,7.265069531,565.5895069,201.0887151,300.6792347,277.0326306,74.17511,351.2077406,578.2511327,34039
UNION,2030,2.877863624,295.8563688,7.502894415,584.1043,207.4455278,311.2589911,286.6192462,78.38854,365.0077862,598.9091618,34039
UNION,2035,2.911020512,302.9957482,7.665483302,596.7619308,211.7351916,319.1299119,292.0692388,81.92197,373.9912088,614.6209086,34039
UNION,2040,3.006853234,317.2448845,7.960673374,619.7426342,220.1185205,334.1832501,299.1077576,85.16023,384.2679876,638.5440176,34039
WARREN,2000,2.611769271,54.1,1.466,100.971,38.66,55.7,35.3,7.206,42.506,102.437,34041
WARREN,2005,2.515971709,57.3,1.466,108.851,43.264,59.6,39,8.755,47.755,110.317,34041
WARREN,2010,2.57,53.951,1.968,106.724,41.48,59.357,35.00758333,11.5179,46.52548333,108.629,34041
WARREN,2015,2.665059183,53.73817342,2.103757611,114.0187452,43.67644049,58.27962603,35.02396211,13.66875,48.69271211,113.5426296,34041
WARREN,2020,2.700024289,56.74424408,2.178309935,118.0593069,44.50012065,59.86546672,37.90601841,15.56852,53.47453841,115.9014458,34041
WARREN,2025,2.764345771,59.41253344,2.253212799,122.1188671,45.25762793,62.32690164,39.554,17.22671,56.78071,118.2946423,34041
WARREN,2030,2.818168334,59.56057928,2.358591107,127.830125,46.54247823,62.42003877,41.278,18.61828,59.89628,122.1805656,34041
WARREN,2035,2.930733923,60.99784957,2.522891808,136.734839,48.95809205,63.99847727,42.766,19.81103,62.57703,128.3534288,34041
WARREN,2040,2.987966771,63.8664267,2.611080647,141.5144679,50.72235617,67.0172815,44.343,20.87206,65.21506,131.8230081,34041
WESTCHESTER,2000,2.660024559,449.6,23.635,899.806,337.142,465.3,429.3,91.132,520.432,923.459,36119
WESTCHESTER,2005,2.760028812,465.3,28.105,919.614,333.19,485,441.2416667,118.88,560.1216667,947.719,36119
WESTCHESTER,2010,2.65,446.169,28.704,920.409,347.232,481.042,414.5431166,141.1565,555.6996166,949.113,36119
WESTCHESTER,2015,2.673317729,453.8957362,29.36165144,941.4969425,352.1829569,485.8157538,440.2086469,154.434,594.6426469,970.8585939,36119
WESTCHESTER,2020,2.690934596,479.953518,29.95223636,960.4343617,356.914792,503.2074533,462.589317,166.2061,628.795417,990.3865981,36119
WESTCHESTER,2025,2.718318206,497.7815485,30.85783971,989.4730139,364.0019081,519.0883224,489.679194,174.6835,664.362694,1020.330854,36119
WESTCHESTER,2030,2.756566469,514.2800404,31.90957024,1023.197312,371.1854306,536.8056975,511.839406,181.5901,693.429506,1055.106882,36119
WESTCHESTER,2035,2.818944162,532.2057714,32.99939081,1058.142987,375.3685514,556.5841463,533.6248628,187.9413,721.5661628,1091.142378,36119
WESTCHESTER,2040,2.921046278,550.8641578,34.28777997,1099.45587,376.3911163,576.2315089,560.2,194.362,754.562,1133.74365,36119
,,,,,,,,,,,,
