area,size
2440,9.497484
2438,16.131416
2433,36.044067
2437,30.851889
2442,49.912876
2428,38.398575
2439,20.517242
2434,43.308331
2425,41.224743
2441,26.704504
2431,12.849675
3287,42.858261
3308,0.474003
3302,20.781084
3303,0.436684
3294,83.917709
3300,82.509254
3282,33.595779
2627,9.644641
2646,15.196475
2628,6.396334
2514,1.509767
2513,0.547326
2506,0.689777
2525,1.407757
2507,0.560015
2508,0.458061
2499,0.945829
2515,1.043207
2517,1.287717
2516,0.41105
2624,3.806758
2648,7.922027
2625,8.856916
2623,2.151871
2496,2.384238
2521,3.016228
2498,1.582736
2520,2.677109
2519,4.246148
2518,16.971109
2497,1.147393
2505,0.539994
2653,18.332869
2652,13.126753
2614,15.142154
2613,12.243596
2528,13.341163
2495,7.66287
2254,7.757223
2657,4.838064
2656,5.236352
1923,8.146259
1921,1.996508
1988,7.85215
1859,5.724282
1919,2.344394
1916,1.194298
1918,0.845722
1864,2.231463
1865,2.211685
1875,2.753046
1872,1.368352
1870,0.623351
1866,3.481725
1869,7.391687
1927,4.253486
1882,3.438033
1868,0.496215
1913,1.233022
1912,1.203253
1847,0.747628
1911,0.952868
1876,0.420987
1874,1.197747
1879,1.195541
1914,0.881164
1896,4.436435
1886,1.053299
1891,7.886104
1887,2.320258
1894,10.958646
1893,0.748405
1892,3.422285
1895,0.337693
1840,4.090142
1877,1.048164
1897,3.27119
1890,2.193175
1888,3.139787
1899,0.630177
1900,1.648025
3312,47.528603
3298,49.05722
3290,16.352449
3314,3.65186
3299,5.302729
3285,0.980709
3310,0.694372
3291,0.550145
3283,0.722126
3313,0.723631
3353,24.746374
3358,19.367392
3344,30.98069
3351,18.474861
2345,19.967199
2341,31.379562
2344,2.977143
2325,0.76885
2328,0.36238
2327,1.435854
2349,35.109642
2676,2.088997
2679,2.529566
2675,4.917279
2732,11.289931
3038,0.66928
3037,0.575269
3036,0.604092
3051,0.832153
3050,0.645994
3064,0.75162
3063,0.808053
2735,2.745231
2746,2.958404
2738,8.431659
3220,18.760092
3213,3.49403
3206,1.036698
3134,6.030652
3225,8.346926
3216,5.216338
3207,21.971352
3217,12.022689
3226,2.816583
3218,37.978748
3227,2.321934
3209,0.846415
3215,42.153118
3224,40.919079
3214,1.570481
3305,39.988171
3293,99.943718
3279,46.81036
3354,11.785906
3352,19.813868
3346,22.906691
2326,1.177521
2343,3.788398
2350,34.67506
2376,53.958679
2363,23.86272
2352,5.159197
2351,4.085394
2374,19.532732
2375,10.651352
2689,1.503452
2720,6.045047
2673,2.651003
2677,5.161937
2717,2.71973
2742,3.991906
2733,1.155347
3191,4.574728
3196,2.785123
3203,5.996637
3127,1.338019
3188,32.406166
3202,19.655289
3205,13.409379
3221,11.999329
3256,30.569502
3261,36.71785
3572,15.635233
3245,38.492027
3268,1.953918
3341,20.518894
3385,68.234383
2745,75.340225
2377,4.35469
2378,11.899981
2379,20.600489
2710,1.729024
2664,0.759938
2683,4.114905
2690,1.524557
2719,0.51669
2722,1.110831
2685,1.505745
2691,2.260498
2694,1.286078
2706,10.470509
2714,1.044117
2744,23.787224
3123,6.255232
3173,12.060212
3148,9.327724
3133,3.673898
3140,6.046148
3184,23.967369
3170,30.404701
3367,20.82155
3382,1.870433
3171,0.764526
3179,21.323765
3371,16.115582
3157,40.678043
3178,42.108974
3169,2.117987
3375,10.908691
2731,8.789064
3146,2.076019
3158,18.3479
3159,6.720431
3174,7.034021
2739,2.963325
3119,10.440479
3122,5.043252
3153,8.174629
3164,18.83292
3156,20.40312
3160,4.185225
3147,2.410099
3185,12.930149
3162,17.836679
3165,15.761399
3182,2.182215
3163,2.990681
3145,8.577518
3151,12.088197
3177,2.086279
3152,2.678256
3172,23.862255
3144,2.366842
3166,2.597485
3155,10.649525
3167,2.931803
3168,2.671873
3180,0.1459
3175,20.937033
2114,1.486845
2123,0.922632
2113,0.703249
2112,0.220351
2115,0.69458
2119,0.826557
2096,1.342442
1009,0.196601
2097,0.573194
2095,0.812777
903,0.551513
2169,0.32046
901,0.100066
902,0.194815
900,0.169347
904,0.412842
1011,0.275568
1018,0.0614
2098,0.252732
2099,0.13354
2101,0.238097
1006,0.265705
1007,0.201954
1005,0.15129
1004,0.150131
1017,0.061364
1020,0.060984
1019,0.064974
898,0.123572
895,0.04997
899,0.230601
1002,0.055484
1016,0.134885
1014,0.069172
893,0.158857
1022,2.570783
2172,0.294417
2173,0.183304
2174,0.485051
1013,0.112077
1012,0.127468
1003,0.192837
1024,1.186054
884,0.087238
880,0.096189
890,0.052117
889,0.108261
1015,0.217806
1801,2.200963
1811,9.915554
1812,6.073481
1813,2.272682
1809,14.419348
1808,1.609108
1805,0.93116
1804,0.946566
1814,8.404883
1862,3.715796
1815,2.685225
1817,1.696446
1861,9.332501
1863,1.751958
3211,0.841905
3363,27.336592
3357,5.922259
3362,17.558044
3343,1.323061
3577,58.05764
3340,21.712006
3322,28.603418
3195,32.579037
3581,16.373131
3578,22.114618
3331,1.133524
3321,36.482086
3337,0.544918
3330,35.371601
3324,22.831314
3335,37.813622
3325,1.279874
3315,27.514324
3334,1.150192
3329,23.681919
3316,20.806837
3339,18.960308
3356,29.884027
3333,31.636593
3327,1.533631
3584,25.976299
3319,1.372116
3320,30.0826
3317,0.907123
3326,1.560135
3348,3.698578
3181,44.770874
3361,1.954425
3360,13.306121
3347,10.543737
3350,23.781557
3345,23.958963
3355,7.068563
3359,3.220844
3342,1.712988
3574,39.394672
3583,20.441168
3231,0.605026
3582,7.647771
3573,15.317659
3579,0.960127
3575,1.234793
3580,1.837551
3193,2.478848
3192,54.604408
3200,2.35917
3198,2.033051
3187,20.233162
3183,26.461823
3194,0.748935
3336,47.628223
3199,0.673375
3189,4.853884
3338,31.610315
3150,29.266516
3197,5.792676
3328,2.408352
3318,0.963836
3323,1.068152
3576,0.685823
3332,0.873564
3190,46.717896
3186,1.703699
3201,0.77821
3161,6.015621
3149,1.5362
3386,24.003347
3349,17.54591
3380,42.547691
3383,27.203976
2347,66.332573
2331,0.696201
2330,0.553735
2329,1.271697
2346,25.156775
2348,53.280247
3377,43.953545
3387,67.040161
3368,34.07151
3373,24.607691
3376,17.999439
3374,32.117844
3384,0.595364
3365,20.076515
3381,37.339325
3364,1.763076
3379,2.278782
3369,4.480345
3372,1.154184
3370,17.628647
3378,3.093263
3366,0.590489
3222,16.1147
3229,5.548557
3259,2.264373
3258,30.558329
3260,41.072418
3233,1.240544
3247,0.768082
3267,1.786972
3277,15.59342
3248,17.889988
3246,5.620892
3242,1.667616
3269,5.219036
3253,2.759224
3270,0.637915
3262,1.070507
3238,31.409832
773,0.990966
811,0.292695
753,0.286539
757,0.118447
759,0.053891
777,0.14665
772,0.090745
771,0.134709
827,0.117819
826,0.123702
813,0.066217
810,0.13068
807,0.115337
760,0.160371
761,0.158359
894,0.266685
897,0.102175
896,0.089455
892,0.076593
754,0.038644
755,0.044318
756,0.03375
806,0.125391
764,0.090398
765,0.085701
763,0.070511
762,0.082003
812,0.067287
809,0.057707
808,0.087504
805,0.082166
829,0.088714
815,0.142461
814,0.057749
830,0.078698
768,0.078608
766,0.102693
818,0.068633
819,0.065184
820,0.065902
744,2.969264
1502,1.718098
1430,0.348323
1445,0.184463
1503,0.273036
1504,0.215174
1429,0.23326
1452,0.075642
1433,0.124749
1431,0.096417
1446,0.110765
1026,0.69246
441,0.198315
442,0.22305
1027,0.018331
1061,0.122897
1062,0.15906
1066,0.058927
1069,0.103768
1031,0.072212
747,0.562495
384,0.433603
748,0.200616
385,0.457317
439,0.276729
328,0.251539
323,0.094183
357,0.07932
356,0.074679
332,0.062364
331,0.044465
320,0.096172
324,0.148903
325,0.066719
1529,0.136633
1527,0.124197
1525,0.218408
1526,0.193764
1515,0.126643
1514,0.080773
1506,0.122162
1161,0.120601
1162,0.113712
1166,0.130943
1063,0.062301
367,0.092055
369,0.028765
364,0.145226
366,0.085635
371,0.074651
368,0.097723
363,0.268739
358,0.547545
352,0.204403
351,0.115414
350,0.063719
349,0.156872
344,0.08348
375,0.14196
372,0.088806
370,0.153284
335,0.099933
336,0.080739
329,0.055734
326,0.094953
327,0.122759
1516,0.240242
1517,0.160733
1513,0.147906
1510,0.120433
1512,0.066941
1486,0.195273
1487,0.176881
1490,0.10797
1491,0.146096
1493,0.149008
1160,0.061711
1165,0.071726
1164,0.065392
1154,0.062161
1157,0.061488
348,0.084274
345,0.098733
346,0.103101
1498,0.114401
1159,0.057061
1158,0.063289
347,0.074652
337,0.07521
330,0.049879
333,0.048847
1475,0.065517
1290,0.131855
1497,0.201857
1495,0.066031
1148,0.057826
1147,0.059003
1138,0.132619
1133,0.07444
1463,0.089911
1273,0.072272
1289,0.052127
1272,0.132599
1139,0.135514
1136,0.064905
1458,0.146726
1141,0.062775
1142,0.094109
1269,0.097121
1271,0.055016
1270,0.117145
1127,0.078772
1140,0.060009
1125,0.048389
281,0.376058
277,0.133842
280,0.029594
279,0.056722
278,0.049877
305,0.159614
283,0.13019
294,0.268542
307,0.07163
308,0.055183
253,0.102003
284,0.024605
290,0.039847
288,0.023585
291,0.066594
292,0.062018
296,0.087698
302,0.062387
303,0.055594
304,0.046096
301,0.069072
276,0.831573
3280,29.986673
3235,1.020212
3274,0.24643
3276,1.323073
3271,1.062554
3257,1.383178
3237,1.774006
3288,26.252783
3249,59.046944
3307,1.436168
3306,3.531108
3289,41.060177
3296,24.796005
3301,0.394112
3292,0.604499
3311,1.146764
3297,0.800432
3286,2.758348
3304,0.622297
3295,0.921481
3241,0.573638
3244,1.993685
3309,0.649347
3284,0.590504
3272,2.206187
3266,3.216422
3240,5.909367
3273,0.099922
3239,1.213904
3230,0.260823
3265,11.028024
3254,0.096816
3263,8.187285
3236,0.590721
3264,0.905067
3234,0.422226
3281,2.88842
3250,0.351742
3243,0.533335
3275,1.308169
3232,1.428223
3255,5.20732
3000,6.558363
3126,12.305533
2950,0.735902
2959,0.325675
2969,0.45699
2971,0.153072
2972,0.146539
3131,10.793143
3136,2.639875
3137,1.221913
3141,9.100112
3129,2.688942
3135,3.984496
3124,4.339873
3143,0.176301
3125,4.811999
3252,1.407367
3278,1.872967
3251,1.071517
3065,0.589026
3053,0.44013
3052,0.541455
3062,1.27424
2952,0.136621
2960,0.128756
2961,0.116664
2970,0.143345
3138,9.066442
3142,6.726386
3132,4.01721
3056,0.491891
3041,0.569036
3054,0.333519
2905,0.364998
3049,0.503293
2907,0.134532
2908,0.068255
3061,0.3458
3060,0.285462
3057,0.330085
2912,0.149136
2909,0.079469
2910,0.130773
2992,0.160654
2913,0.189456
2911,0.176873
2915,0.090346
2914,0.100319
2918,0.092823
2919,0.104247
2984,0.160071
2965,0.117608
2966,0.053953
2933,0.079508
2932,0.063789
2916,0.081526
2964,0.064156
2934,0.104962
2963,0.088017
2967,0.059603
2962,0.069066
2940,0.118246
3128,0.658966
3055,0.448002
3059,0.222898
3004,0.373099
3010,0.095661
3005,0.214605
3011,0.164486
1322,0.291145
1228,1.196421
1305,0.037783
1306,0.103591
1302,0.229885
1295,0.14724
1292,0.051041
1293,0.071789
1307,0.049397
1308,0.059817
1304,0.077552
1299,0.062177
1303,0.063843
1488,0.128972
1489,0.066149
1298,0.085054
1313,0.182616
1312,0.133033
1248,0.084555
1321,0.074722
1309,0.074534
1311,0.127886
1250,0.061257
1253,0.059049
1352,0.062599
1353,0.14094
1410,0.129222
1409,0.117868
1477,0.072195
1484,0.059444
1485,0.131947
1511,0.071559
1422,0.133498
1424,0.186327
1413,0.062348
1402,0.075257
1354,0.068015
1369,0.066249
1370,0.075565
1423,0.072301
1412,0.101906
1355,0.061045
1356,0.07644
1368,0.064652
1408,0.140023
1426,0.074002
1361,0.066451
1407,0.146849
1414,0.131308
1411,0.034164
1367,0.064687
1373,0.130055
1366,0.065537
1374,0.147549
1365,0.088847
1379,0.068571
1364,0.086097
1427,0.078036
1425,0.062599
1381,0.073894
1621,4.966831
1620,1.515516
1617,1.330835
1611,1.314457
1597,1.783002
1613,1.241459
1614,0.956214
1615,0.841053
1616,0.98633
1578,5.543494
1563,1.679146
1579,1.571634
1594,0.571608
1595,0.552523
1557,0.134628
1560,0.353413
1561,0.378943
1564,0.588497
1574,0.924268
1556,0.23036
1576,0.179573
1573,0.456455
1571,0.100115
1570,0.202781
1569,0.061917
1539,0.136324
1541,0.723779
1549,0.245038
1552,0.29523
1610,0.350238
1612,1.160064
1562,0.20444
1558,0.215986
1559,0.186138
1567,0.35083
1550,0.312305
1554,0.176283
1553,0.121708
1572,0.205023
1545,0.44857
1540,0.213304
1551,0.279685
1555,0.641873
1543,0.13338
1542,0.185743
1544,0.534753
1547,0.341641
1546,0.222176
3228,23.024117
3204,4.357035
3219,4.776771
3208,30.137133
3210,1.836396
3223,1.549268
1619,2.282637
1618,0.674081
3212,2.737489
3139,5.143417
3130,2.14
3121,1.184177
3111,1.397653
3112,3.595931
3102,3.538581
3103,4.072618
3110,5.686986
3108,2.173959
3075,4.163048
3082,1.921042
3105,0.911245
3154,7.425398
3107,2.570144
3106,2.532935
3115,0.813396
3076,2.838004
3009,0.184228
3081,0.446344
3109,0.925201
3080,0.240322
3091,0.211848
3090,0.472262
3093,0.852628
3015,0.201053
3086,0.17924
3089,0.331838
3008,0.18686
3014,0.179895
3018,0.114561
3017,0.130888
3016,0.227711
3013,0.100474
3012,0.210287
2948,0.227323
2951,0.153669
2949,0.088786
3022,0.36351
3029,0.246611
2946,0.186967
2947,0.153035
3104,0.841734
3100,0.333398
3099,0.47796
3023,0.136104
3026,0.230182
3098,0.621161
3097,0.583059
3094,0.408315
2925,0.355738
3025,0.240743
3024,0.230211
3095,0.430755
2923,0.15305
3101,0.656897
3096,1.178221
3092,1.162605
2945,0.084955
2955,0.121216
2953,0.124038
3030,0.225036
2944,0.140341
2939,0.166736
2954,0.106497
3033,0.288614
2943,0.112333
2938,0.13181
2942,0.131962
2937,0.094849
2936,0.128688
3031,0.189316
3034,0.12238
3032,0.037544
3028,0.165083
3035,0.158087
2926,0.202071
3027,0.164899
2924,0.166429
2921,0.273592
2922,0.266518
2929,0.078129
2928,0.150263
3019,0.225972
2927,0.150103
3021,0.134575
3020,0.12
2958,0.082209
2941,0.077696
2957,0.066763
2956,0.140884
2920,0.111335
2917,0.128743
2931,0.078784
2930,0.055795
2935,0.057914
3117,1.940719
3116,2.032782
3120,2.97822
3118,0.251291
3113,1.217758
3066,0.88168
3067,0.660874
3068,0.255254
3070,0.300092
3071,0.864528
3114,0.713718
3069,0.19225
3077,1.801743
3078,0.311721
3079,0.384827
3058,0.393086
3002,0.304193
3001,0.182979
3083,0.20092
3074,0.41039
3073,0.172509
3072,0.421531
3084,0.18917
3003,0.301506
3006,0.235303
3007,0.181007
3085,0.227683
3087,0.154725
3088,0.229145
1591,0.679787
1599,1.611221
1593,0.162952
1592,0.268106
1588,0.315161
1577,0.291375
1575,0.29786
1581,0.393889
1582,0.453899
1596,1.565319
1606,0.539906
1607,1.032987
1601,1.01307
1600,0.275365
1604,0.319788
1603,0.424552
1598,0.901722
1602,0.949685
1608,0.796434
1605,0.516892
1622,0.395857
1609,0.555498
1584,0.412671
1585,0.134119
1587,0.986572
1590,0.241872
1583,0.309037
1568,0.514025
1586,0.438637
1548,0.261353
1580,1.179353
1565,0.469718
1566,0.411263
1589,0.299302
1386,0.348117
1382,0.261532
1383,0.04685
1385,0.120091
1389,0.224086
1390,0.049566
1391,0.143178
1392,0.088597
1387,0.395765
1538,0.345836
1291,0.814649
1323,0.380218
1324,0.153608
1325,0.096615
1328,0.125188
1388,0.166598
1384,0.089018
1329,0.083717
1332,0.081105
1440,0.155082
1330,0.082387
1331,0.085196
1327,0.121872
1336,0.100646
1335,0.192346
1344,0.060578
1341,0.062618
1338,0.132882
1333,0.062254
1340,0.069337
1339,0.133665
1371,0.126465
1337,0.067711
1318,0.071017
1372,0.18566
1378,0.203388
1375,0.206767
1294,0.039483
1301,0.098126
1314,0.122834
1315,0.153372
1316,0.10228
1326,0.124876
1320,0.110998
1317,0.157947
1300,0.077578
1296,0.073994
1297,0.057939
1399,0.211589
1342,0.161808
1334,0.12923
1319,0.072431
1343,0.146665
1428,0.459057
1396,0.116441
1398,0.091201
1453,0.236504
1393,0.149442
1397,0.119815
1435,0.122559
1443,0.127642
1447,0.219533
1432,0.097998
1394,0.130596
1438,0.12311
1437,0.232804
1434,0.157888
1436,0.066249
1444,0.119754
1449,0.137639
1448,0.263561
1442,0.136479
1439,0.181392
1441,0.218724
1450,0.235047
1418,0.140103
1417,0.072334
1416,0.057056
1419,0.132891
1451,0.153142
1348,0.118866
1347,0.3022
1349,0.061124
1345,0.055349
1415,0.122089
1395,0.196876
1376,0.253533
1346,0.106565
1377,0.207293
1505,0.141058
1507,0.070755
1508,0.134756
1509,0.07847
1421,0.146309
1420,0.135844
2886,0.478967
2890,0.202888
2891,0.223541
2889,0.17974
2888,0.107303
2887,0.085423
2785,0.240436
2797,1.432546
2783,0.139064
2784,0.033468
2786,0.051542
2808,2.051749
2796,0.176952
2782,0.2328
2781,0.141193
2816,0.354925
2813,0.261324
2807,0.170755
2803,0.083399
2834,7.058475
2846,0.585028
2835,0.461702
2836,0.134697
2833,0.168458
2830,0.097914
2699,2.578259
2692,4.642681
2840,0.269085
2838,0.086957
2839,0.116022
2832,0.343546
2837,0.104485
2716,2.803505
2995,0.224061
2994,0.141944
2996,0.240963
2997,0.23638
2999,0.153999
2880,0.050261
2879,0.044383
2876,0.05539
2875,0.061192
2872,0.077295
2771,0.059387
2780,0.104144
2770,0.16189
2755,1.323235
2904,4.137769
2855,1.230503
2747,0.171137
2750,0.173033
2757,0.050888
2842,0.217878
2729,1.176315
2665,4.063712
2697,1.722904
2671,3.802794
2993,0.178975
2906,0.295915
2991,0.04683
2881,0.041492
2878,0.126694
2885,0.165172
2762,0.087739
2758,0.180754
2759,0.053264
2752,0.123095
2753,0.089333
2760,0.087452
2769,0.135511
2751,0.085259
2856,0.078864
2748,0.098943
2873,0.082443
2874,0.058979
2877,0.07786
2883,0.050624
2884,0.047877
2903,1.205546
2902,0.697514
355,0.163015
334,0.082276
746,0.181824
353,0.047697
354,0.082542
361,0.067835
360,0.078014
31,0.334164
143,0.165002
142,0.032951
313,0.121234
81,0.11572
310,0.056837
77,0.297977
41,0.070431
39,0.049662
30,0.050544
28,0.051213
11,0.104673
178,0.079454
179,0.050694
185,0.069023
84,0.033672
82,0.034108
180,0.067378
183,0.063391
138,0.036169
137,0.033683
182,0.036531
311,0.033216
85,0.032758
86,0.033973
312,0.032266
122,0.028997
181,0.038611
116,0.032927
117,0.032939
109,0.033949
119,0.042928
120,0.028227
115,0.065808
121,0.02987
184,0.067833
113,0.034006
114,0.032511
110,0.032865
105,0.028468
317,0.250234
2821,1.674374
2827,0.235227
2826,0.112577
2822,0.105887
2820,0.148151
2829,0.185942
2828,0.366958
2824,0.112401
2819,0.23807
2823,0.07802
2818,0.373076
2804,0.608977
2798,0.310519
2802,0.141674
2805,0.083816
2806,0.089422
2809,0.239383
2811,0.298901
2976,0.742806
2977,0.685462
2974,0.142431
2975,1.49472
2973,0.082398
2810,0.146473
2812,0.104222
2815,0.113004
2825,0.325297
2845,0.288158
2843,0.049511
2982,0.351376
2968,0.122337
2983,0.313065
2981,0.173731
2980,0.074984
2978,0.099429
2979,0.079047
2844,0.079566
2841,0.101332
2989,0.20032
2987,0.340594
2988,0.1394
2990,0.060737
2985,0.126345
2986,0.080255
2817,0.806008
2814,0.389525
2789,0.6354
2799,0.144559
2776,0.426031
2790,0.145121
2792,0.117594
2766,0.456435
2767,0.083742
2778,0.079445
2777,0.11394
2801,0.057176
2794,0.063069
2800,0.076605
2779,0.091497
2795,0.154877
2793,0.083113
2791,0.093692
2756,0.169896
2768,0.073146
2725,1.003404
2681,2.128519
2737,3.098998
3040,0.499151
3039,0.47035
2831,0.285854
3046,0.603347
2998,0.386498
3047,0.36121
3048,0.287947
3045,0.32195
3044,0.350423
3043,0.409516
3042,0.476744
1208,0.179375
1227,0.150121
1209,0.084814
1222,0.113362
1223,0.058042
1207,0.135141
1198,0.867338
1202,0.09735
1226,0.1102
1081,0.313586
1073,0.183124
1080,0.115016
1082,0.06953
1083,0.054942
1199,0.059166
1200,0.149062
1074,0.383898
1077,0.070633
1032,0.249812
1050,0.098936
1053,0.061352
1098,0.04131
1096,0.073147
1236,0.086945
1225,0.064401
1229,0.147315
1224,0.058298
1203,0.059642
1204,0.06831
1205,0.065181
1075,0.061624
1076,0.061335
1078,0.066345
1097,0.031001
1095,0.077566
1099,0.095307
1255,0.758303
1230,0.140369
1233,0.114014
1232,0.075628
1359,0.140598
1350,0.128551
1219,0.058173
1221,0.062628
1085,0.06201
1201,0.064886
1086,0.064072
1087,0.065455
1079,0.053788
1088,0.1106
1112,0.065855
1100,0.103541
1090,0.052268
1113,0.06162
1358,0.068972
1357,0.067235
1351,0.066582
1360,0.076412
1363,0.1226
1091,0.064678
1051,0.062232
1115,0.05315
1114,0.07004
1116,0.092166
1056,0.06395
1117,0.032953
1118,0.046382
1120,0.106597
1131,0.121934
1163,0.060957
1132,0.06387
141,0.070964
45,0.103157
145,0.137839
44,0.076036
48,0.080254
49,0.036652
46,0.025143
7,0.066801
4,0.078883
5,0.0454
12,0.060873
13,0.073925
15,0.057632
42,0.040641
54,0.081088
55,0.042442
43,0.023148
14,0.060574
20,0.072933
24,0.055932
64,0.041717
63,0.044974
99,0.066043
96,0.065182
95,0.066981
100,0.066791
98,0.065342
108,0.033575
107,0.033208
83,0.03374
68,0.030463
88,0.061214
89,0.061142
65,0.077201
32,0.041601
35,0.053663
66,0.034004
33,0.043782
92,0.068131
91,0.065586
90,0.067169
1237,0.087817
1235,0.123746
1239,0.157494
1238,0.057901
1246,0.116668
1245,0.058175
1247,0.097028
1310,0.057263
3,0.29388
1243,0.058661
1241,0.130432
1240,0.043284
1244,0.060188
1252,0.058792
1251,0.058085
1242,0.042361
1254,0.055316
1249,0.058997
2764,0.255682
2899,0.109347
2900,0.05726
2901,0.04156
2894,0.180925
2765,0.222759
2763,0.233493
2761,0.127361
2773,0.062877
2772,0.056548
38,0.06431
29,0.063716
37,0.062228
25,0.076918
36,0.067549
34,0.045172
26,0.046901
2775,0.272409
2774,0.062483
2788,0.159304
2787,0.06759
2895,0.064906
2893,0.036764
2754,0.127631
2897,0.083985
2898,0.057692
2892,0.137792
2749,0.118935
2882,0.048491
2896,0.074578
2,0.116285
9,0.042115
8,0.048501
18,0.054852
10,0.049917
16,0.040573
6,0.027421
19,0.078387
17,0.037556
27,0.079129
22,0.061959
23,0.082472
1,0.076637
21,0.038781
40,0.065308
73,0.064176
80,0.066263
79,0.065005
78,0.065531
76,0.069187
74,0.063198
71,0.060618
72,0.063185
75,0.069794
111,0.064845
314,0.060045
309,0.06574
1218,0.067275
1275,0.911804
1220,0.056433
1259,0.05277
1260,0.061574
1279,0.074418
1276,0.158508
1400,0.090035
1405,0.066751
1234,0.094043
1231,0.082264
1109,0.067303
1110,0.060742
1108,0.068491
1111,0.055189
1478,0.086174
1404,0.080458
1403,0.071704
1280,0.066086
1283,0.067713
1278,0.11691
1285,0.140277
1277,0.094436
1261,0.046467
1104,0.094746
1105,0.062864
1106,0.076281
1401,0.070793
1471,0.063834
1286,0.07252
1470,0.057332
1282,0.061902
1281,0.059747
1284,0.140605
1287,0.231659
1262,0.057172
1258,0.125449
1257,0.05887
1274,0.127149
1479,0.087779
1267,0.07765
1264,0.107716
1362,0.070078
1406,0.055393
1380,0.057018
1213,0.098951
1217,0.065263
1206,0.062394
1084,0.060176
1210,0.051443
1089,0.05292
1212,0.06028
1214,0.067356
1215,0.069566
1093,0.063441
1102,0.074049
1256,0.11435
1211,0.048113
1092,0.052661
1094,0.063855
1101,0.066081
1103,0.1292
1216,0.058132
1482,0.263421
1483,0.183815
1481,0.078041
1480,0.084157
1473,0.060538
1472,0.070098
1474,0.122705
1476,0.060573
1288,0.120508
1107,0.065778
1130,0.062465
1123,0.050647
1121,0.064631
1135,0.065286
1134,0.0627
1122,0.108949
1124,0.053401
1126,0.05722
1266,0.115551
1137,0.062283
1268,0.070895
1265,0.117542
1263,0.065096
1119,0.060611
1128,0.054823
1129,0.109736
1028,0.263778
1033,0.07752
1034,0.066039
1036,0.097581
1043,0.125779
1046,0.075084
1045,0.065534
1044,0.051962
1029,0.168873
1039,0.065463
1035,0.071934
1030,0.073101
1038,0.068686
362,0.636386
365,0.182268
1037,0.050995
1041,0.134797
1052,0.067856
1057,0.052494
1049,0.050038
1058,0.066552
1047,0.054967
1048,0.048508
1055,0.072459
1042,0.105856
1054,0.100203
1040,0.127052
1065,0.126876
1072,0.067866
140,0.050371
125,0.060754
60,0.117446
124,0.145509
123,0.042445
315,0.083876
61,0.068473
62,0.060734
126,0.06616
127,0.068908
69,0.084098
67,0.067521
47,0.124643
56,0.01964
57,0.063872
50,0.03524
53,0.039797
58,0.043662
52,0.039227
51,0.023124
59,0.061272
70,0.032147
139,0.129495
130,0.067246
132,0.068921
134,0.034714
136,0.034679
131,0.064874
101,0.033078
133,0.033772
129,0.067432
93,0.066257
128,0.06862
102,0.041602
112,0.065456
97,0.065878
94,0.065527
103,0.02583
104,0.032463
106,0.038222
135,0.033079
1070,0.086551
1067,0.049737
1071,0.063239
1068,0.047935
1064,0.091068
1059,0.032952
1060,0.075204
2672,0.846211
2666,0.963529
2709,2.612657
2705,1.208276
2848,0.53544
2678,0.844384
2853,1.880513
176,0.413782
152,0.058533
144,0.050585
147,0.067818
146,0.066623
306,0.439464
299,0.031287
282,0.055634
295,0.066808
286,0.060007
285,0.057074
250,0.083129
226,0.049457
225,0.05377
224,0.059652
223,0.053057
222,0.017368
244,0.092202
217,0.087278
252,0.131107
227,0.083768
228,0.054653
275,0.083379
240,0.053544
248,0.068892
249,0.056952
221,0.055699
87,0.034295
2857,0.110052
2849,0.140383
2850,0.150005
2847,0.144245
2858,0.063715
2852,0.321046
2851,0.291851
2861,0.127418
2860,0.059546
2862,0.111863
2863,0.050132
2864,0.065712
2866,0.079377
2867,0.077333
2869,0.089577
2868,0.046831
2870,0.067366
2871,0.072827
2854,0.267067
2859,0.217881
2865,0.226701
216,0.048223
214,0.054264
173,0.052483
172,0.052498
316,0.053309
171,0.05758
170,0.052624
164,0.064626
163,0.060703
158,0.053315
157,0.056271
268,0.075518
267,0.098508
269,0.068257
254,0.114838
265,0.08235
266,0.058671
186,0.067296
187,0.068886
169,0.051099
167,0.026415
174,0.10149
213,0.044093
210,0.086865
215,0.069012
219,0.072142
218,0.043252
220,0.066017
263,0.085834
258,0.071904
261,0.049361
191,0.070021
193,0.069494
194,0.067763
188,0.067863
177,1.370041
148,0.033011
151,0.035267
154,0.025062
156,0.04419
160,0.033395
162,0.034899
166,0.032768
168,0.026803
175,0.068299
230,0.066062
229,0.047592
262,0.039971
260,0.078922
209,0.019387
208,0.048712
204,0.048169
203,0.020204
195,0.069286
189,0.070725
237,0.05713
231,0.050444
211,0.021036
212,0.017939
264,0.087709
201,0.019873
202,0.048676
233,0.069673
243,0.027062
235,0.068334
150,0.035618
161,0.035068
165,0.032703
153,0.033469
155,0.034315
159,0.033549
118,0.042059
149,0.033339
198,0.069908
256,0.041682
257,0.069219
197,0.06657
205,0.068057
255,0.028974
259,0.066599
206,0.048914
200,0.0413
199,0.028406
192,0.087653
196,0.02648
190,0.078163
207,0.019374
273,0.076519
274,0.056707
239,0.067152
251,0.014008
246,0.067022
238,0.057446
242,0.059118
245,0.068722
272,0.087046
271,0.067724
247,0.039521
241,0.07482
234,0.04952
236,0.070677
232,0.040018
270,0.062153
300,0.025531
298,0.07012
293,0.061044
289,0.063509
297,0.078091
287,0.0818
1857,0.716272
1856,1.440299
1858,0.663765
1800,12.62448
1790,1.607915
1766,1.225062
1783,1.650921
1774,0.994401
1782,0.457138
1776,0.600688
1775,0.569323
1773,0.723007
1762,1.47289
1765,0.691438
1760,0.998968
1761,0.851666
1794,3.357947
1758,0.650756
1748,0.826485
1747,0.65659
1757,0.471942
1740,1.678783
1741,4.237551
1739,0.786891
1742,0.888516
1736,1.640389
745,3.731328
1738,1.823041
1737,0.684183
1518,2.434318
731,1.105844
1735,1.346956
605,6.912513
593,0.64377
604,0.497338
727,0.09552
725,0.237391
726,0.394174
1530,0.630719
1536,0.439938
1537,0.120926
1535,0.168694
1500,1.110851
1522,0.18301
1523,0.088387
1534,0.199095
1629,5.890782
1807,1.148149
1632,1.628392
1638,2.109991
1639,1.438727
1641,0.639657
1628,4.591542
1637,0.590003
1634,1.610276
1635,0.518128
1759,0.592933
1745,0.317442
1744,0.329312
1746,0.694268
1749,0.474236
1734,0.549164
1521,0.163909
1642,1.602148
1650,0.592147
1647,0.841088
685,0.803942
636,0.393367
1743,0.677014
1729,0.495162
1686,0.957236
1643,0.849147
1655,0.365043
1654,0.25899
1651,0.562149
1728,0.765264
1685,0.740755
1755,0.58532
1753,0.637132
1657,0.51324
1652,0.537789
1679,0.596829
1653,0.443919
1688,1.821902
1658,0.653317
1690,1.07139
1689,1.880237
1681,0.702595
1678,0.403751
1677,0.475652
1682,0.50627
1683,0.349135
1675,0.403814
1680,0.412343
1684,0.352687
1797,0.41628
1799,0.847382
1798,0.43746
741,0.673681
742,0.605701
1501,0.478024
1499,2.2568
1528,0.117755
743,0.671497
738,0.545034
735,0.428413
1795,1.004299
1796,0.433317
739,0.353499
736,0.641152
737,0.223644
740,0.898091
1023,2.801316
1010,0.134913
956,0.422916
955,0.367842
432,2.194271
494,0.129617
502,0.154285
505,0.112645
751,0.210867
534,0.318363
752,0.390768
538,0.221106
540,0.104855
542,0.085409
543,0.120294
566,0.28759
565,0.143872
471,0.193532
470,0.206282
487,0.11178
483,0.077103
420,0.177263
416,0.128081
413,0.133934
405,0.097348
403,0.075931
397,0.129065
396,0.185005
493,0.412771
533,0.797514
521,0.34471
522,0.322763
514,0.068479
496,0.074656
527,0.688081
529,0.687244
525,0.356978
526,0.374497
524,0.189613
608,0.382164
634,0.915341
632,0.376377
623,0.161363
622,0.145999
609,0.142227
606,0.283612
589,0.43156
601,0.327511
602,0.141097
603,0.168278
656,0.126524
655,0.165067
389,0.286388
342,0.164068
386,0.161759
343,0.268958
341,0.215722
388,0.165799
394,0.17821
391,0.131946
390,0.143177
395,0.115773
398,0.115006
399,0.112546
402,0.065233
499,0.056678
611,0.303218
520,0.404594
519,0.251068
523,0.235274
612,0.095089
624,0.16612
617,0.121332
639,0.386336
627,0.132197
637,0.335119
635,0.523488
633,0.510962
631,0.304372
638,0.325042
1627,0.550238
653,0.312364
377,0.056344
406,0.175413
555,0.127598
557,0.356108
556,0.38602
560,0.134427
550,0.165381
549,0.088264
513,0.09696
512,0.054959
515,0.119889
516,0.196162
509,0.062283
510,0.073025
518,0.208345
610,0.151615
616,0.075828
517,0.217536
1648,0.751731
599,0.299691
652,0.207212
659,0.1812
644,0.089171
647,0.22388
683,0.056773
645,0.085259
675,0.349287
649,0.152249
648,0.263797
650,0.201712
551,0.277906
537,0.210409
562,0.227643
615,0.049706
614,0.284781
507,0.081272
508,0.229992
613,0.142156
657,0.125534
658,0.163432
651,0.193517
674,0.334226
646,0.088795
676,0.086065
677,0.087661
678,0.090319
679,0.132241
750,0.169828
671,0.521018
552,0.215991
558,0.08214
559,0.269765
561,0.253754
563,0.427186
531,0.396434
530,0.265453
618,0.300972
620,0.194422
592,1.095136
591,0.560334
1178,1.216629
1177,0.431296
1176,0.184606
1172,0.12147
587,0.337227
1179,0.423165
1182,0.191955
1171,0.1192
578,0.226892
586,0.277831
588,0.123367
1187,0.061319
1175,0.115876
1183,0.178529
404,0.077098
412,0.076701
415,0.06031
423,0.064308
422,0.159769
486,0.138337
484,0.052669
481,0.165831
1170,0.225817
572,0.306024
573,0.128556
579,0.134004
414,0.12349
426,0.087319
421,0.107718
419,0.055989
485,0.066364
482,0.118518
475,0.164879
480,0.053053
479,0.111164
569,0.07218
468,0.938336
568,0.142686
585,0.220421
571,0.233732
1167,0.292877
749,1.048178
464,0.288385
465,0.094075
463,0.178223
640,0.075984
575,0.246201
641,0.165364
584,0.339212
1156,0.053256
1155,0.060932
477,0.204219
476,0.082884
478,0.122626
462,0.346428
459,0.095242
454,0.105386
453,0.186798
1169,0.158222
1144,0.248788
1145,0.061961
451,0.217766
466,0.121957
467,0.139751
452,0.220507
574,0.294514
577,0.155079
576,0.161328
642,0.056055
1153,0.076801
1152,0.117545
1151,0.055108
450,0.091261
1533,0.234273
1192,0.161618
1532,0.164095
1531,0.167836
1519,0.187801
1520,0.325431
1197,0.148489
1193,0.165934
1194,0.064047
1191,0.134713
1190,0.12922
1186,0.065849
1469,0.150445
1468,0.078365
1466,0.083991
1196,0.120741
1184,0.053067
1185,0.063131
1189,0.186547
1195,0.127344
1455,0.194714
1168,0.188644
1188,0.184635
1467,0.065342
1454,0.140762
1465,0.129427
1464,0.178859
1462,0.122444
1456,0.070816
1524,0.26292
1492,0.05641
1494,0.094541
1496,0.077623
1460,0.23784
1461,0.044234
1146,0.053882
1150,0.125441
1457,0.091794
1143,0.078545
1149,0.061865
1459,0.073242
1174,0.160048
1173,0.252016
1180,0.115383
1181,0.10772
373,0.090283
374,0.090945
378,0.104607
382,0.220029
433,0.163327
460,0.132526
440,0.3187
455,0.105805
456,0.24902
448,0.516867
436,0.09464
461,0.267589
434,0.140328
428,0.156603
383,0.129933
427,0.150535
409,0.080835
408,0.072992
387,0.098896
424,0.110499
457,0.08844
410,0.146342
411,0.130957
380,0.03784
429,0.077344
430,0.055282
431,0.110926
425,0.070158
417,0.061812
438,0.262599
443,0.154037
445,0.214385
444,0.134504
437,0.068716
435,0.092848
446,0.104284
449,0.111321
447,0.058579
379,0.075901
376,0.073121
381,0.162812
458,0.280539
392,0.13327
400,0.076198
393,0.131075
401,0.048619
418,0.106127
590,0.156342
600,0.221214
581,0.065594
594,0.232406
596,0.144642
597,0.153311
583,0.182219
582,0.213744
595,0.317078
580,0.191986
598,0.169095
544,0.130232
545,0.130921
567,0.122934
539,0.270354
535,0.164503
503,0.354854
536,0.296431
504,0.108338
497,0.057842
498,0.075803
501,0.164627
469,0.087916
532,0.211663
511,0.077766
506,0.219105
500,0.050877
570,0.084468
472,0.283948
474,0.149696
473,0.279074
495,0.089687
541,0.151562
548,0.149977
547,0.065996
546,0.128467
643,0.12932
684,0.068581
958,0.19256
957,0.290126
950,0.131363
951,0.061766
936,0.36058
940,0.204427
935,0.20894
933,0.327517
931,0.263703
932,0.06039
953,0.109635
952,0.132391
948,0.339653
921,0.205515
979,0.495265
946,0.163801
949,0.169824
938,0.205806
920,0.083746
919,0.128736
916,0.057825
917,0.096954
918,0.077305
927,0.104646
928,0.077184
912,0.071726
914,0.061195
929,0.045671
934,0.136339
937,0.045831
925,0.096992
923,0.080502
924,0.054328
907,0.133431
906,0.073341
926,0.137834
774,0.111886
905,0.189809
781,0.06235
782,0.021132
802,0.045316
803,0.128877
804,0.09555
847,0.051267
850,0.141102
849,0.035304
911,0.122475
1000,0.087613
993,0.079109
996,0.121446
989,0.048571
990,0.061944
998,0.150659
915,0.165613
913,0.035926
908,0.024827
909,0.121665
801,0.066953
799,0.090552
800,0.047791
785,0.040676
991,0.134988
969,0.05944
966,0.058591
965,0.102067
971,0.263632
978,0.129448
977,0.235612
987,0.213569
985,0.121514
976,0.178102
984,0.053989
983,0.076194
981,0.088266
982,0.036095
783,0.089117
798,0.082699
789,0.061215
791,0.088094
787,0.070487
786,0.070291
797,0.060502
821,0.054723
788,0.057309
767,0.068946
790,0.063973
792,0.0636
823,0.096968
964,0.078364
407,1.215006
338,0.227124
488,0.558537
491,0.558583
490,0.227918
779,0.03667
780,0.041094
778,0.084899
340,0.122258
339,0.053671
1025,0.644721
359,0.692944
319,0.078114
321,0.127358
322,0.140975
770,0.133481
758,0.121457
769,0.130782
784,0.05939
930,0.16085
776,0.509115
922,0.068997
775,0.03183
866,0.153514
863,0.031267
831,0.062898
864,0.064284
868,0.063699
865,0.048385
833,0.081349
869,0.059733
842,0.067409
887,0.070801
885,0.32445
876,0.049381
874,0.021605
873,0.057724
992,0.045609
961,0.062274
967,0.085026
851,0.08252
858,0.068066
862,0.197168
879,0.117215
846,0.062486
848,0.07336
854,0.077824
853,0.072078
796,0.223955
795,0.1134
794,0.063363
870,0.068304
843,0.066399
872,0.103106
875,0.066786
860,0.062898
861,0.07261
857,0.076926
844,0.091675
845,0.067119
871,0.058414
856,0.089753
834,0.078105
855,0.087893
968,0.076288
828,0.066724
816,0.077593
817,0.054302
832,0.057684
836,0.052845
838,0.096918
837,0.025836
840,0.052129
824,0.084475
825,0.097419
841,0.027575
839,0.053136
793,0.099127
822,0.059505
835,0.095203
318,0.116299
891,0.087762
888,0.076401
867,0.06424
886,0.087739
910,0.066925
852,0.115307
859,0.082545
883,0.081091
882,0.070261
881,0.12435
877,0.068766
878,0.049619
962,0.060505
963,0.059999
954,0.961664
489,0.17067
492,0.480445
939,0.142569
1008,0.358191
941,0.786144
995,0.151428
994,0.252585
942,0.181727
945,0.577592
959,0.475009
947,0.125005
944,0.1602
975,0.319958
973,0.045669
972,0.057058
980,0.286881
974,0.081686
986,0.07555
988,0.078126
943,0.069659
997,0.155928
970,0.188182
999,0.059845
1001,0.078989
732,0.204665
728,0.269062
730,0.150218
729,0.239305
1731,0.541642
1732,0.749471
724,0.282441
716,0.172816
1730,0.48294
733,0.299479
723,0.244775
722,0.156287
717,0.277525
691,0.577003
686,0.668994
688,0.436066
718,0.442541
715,0.183585
692,0.131043
693,0.302991
690,0.288407
1676,0.626018
1673,1.004002
1674,0.37579
1725,0.632606
1671,0.675565
1672,0.672847
1670,1.155454
714,0.181581
712,0.173398
719,0.15765
669,0.543514
713,0.165654
689,0.266118
1665,0.258677
698,0.302394
701,0.348885
706,0.118186
705,0.207869
711,0.151505
710,0.085036
672,0.351291
707,0.164329
703,0.13917
708,0.154187
709,0.063897
673,0.223802
681,0.250992
682,0.190142
702,0.20973
700,0.213419
697,0.231189
704,0.217981
734,0.133136
664,0.310951
663,0.290382
654,0.111918
721,0.143142
665,0.304426
666,0.20702
668,0.239625
720,0.195903
667,0.225129
661,0.272507
662,0.232232
660,0.13238
670,0.295991
626,0.261215
625,0.144306
630,0.30863
564,0.884843
621,0.065172
628,0.434728
629,0.292224
694,0.180883
695,0.187495
553,0.206825
680,0.245363
554,0.252079
696,0.086994
699,0.107826
619,0.121545
1726,0.593562
1727,0.661281
1733,0.630803
1649,0.471189
1645,0.192632
687,0.277067
1667,0.412689
1646,0.385338
1669,0.585725
1668,0.387819
1666,0.442427
1687,0.550954
1625,2.989205
1626,0.303134
1623,3.338655
1624,0.631877
1636,1.804324
1631,0.882505
1630,1.181183
528,0.251099
607,0.335729
960,0.614846
1633,1.179567
1787,1.683088
1785,0.568485
1784,0.639837
1786,0.789683
1789,1.223922
1779,0.955009
1780,0.885135
1822,1.443051
1821,1.019362
1819,2.635658
1810,7.225341
1723,0.817149
1713,0.761233
1711,0.823388
1719,0.76811
1721,0.555699
1722,1.110234
1778,0.598611
1640,1.005445
1644,5.539061
1659,0.691826
1656,0.562077
1661,1.209267
1823,0.665826
1820,0.447911
1717,0.791562
1720,0.768958
1709,0.870749
1710,0.812628
1705,0.78758
1712,0.568488
1664,1.463853
1663,0.68492
1662,0.489665
1698,3.028455
1824,1.652573
1704,2.309955
1703,0.760526
1828,1.849803
1825,0.920413
1829,0.782477
1837,0.831495
1836,0.846537
1835,0.336215
1843,0.606196
1839,1.077082
1838,1.726818
1716,0.853827
1827,0.792837
1714,0.571849
1826,0.805169
1830,0.589534
1715,0.538383
1772,0.346091
1771,0.682655
1764,0.715665
1770,0.672094
1767,0.683032
1763,0.777397
1756,0.760499
1702,0.513307
1707,0.714411
1701,0.60512
1700,0.938567
1699,0.592062
1708,0.720436
1697,0.677501
1696,0.442538
1695,0.406298
1691,0.735878
1694,0.512339
1693,0.436794
1750,0.444505
1754,0.48643
1752,0.589221
1751,0.640189
1660,0.940381
1692,0.468989
1769,0.556173
1781,0.876077
1777,0.604699
1768,0.53657
1706,0.204427
1806,1.086885
1803,1.066383
1802,1.491831
1860,1.114697
1855,1.069773
1854,1.427126
1793,1.848592
1853,0.542211
1846,0.852728
1851,1.054064
1792,0.741394
1852,0.605569
1845,0.574717
1842,0.874223
1841,0.559429
1850,0.657852
1849,0.639477
1724,0.625415
1788,0.406352
1718,0.906757
1848,0.657815
1791,1.002039
1917,0.927684
1844,0.513934
1871,0.74966
1885,4.948004
1818,1.188685
1816,2.36474
1873,1.191811
1832,2.403864
1833,0.599424
1834,0.567556
1831,0.374451
2353,26.214901
2339,12.731988
2354,17.402206
2355,14.314039
2362,5.800328
2361,21.911194
2366,28.02207
2369,23.498287
2365,8.039749
2360,2.572452
2368,7.338166
2367,0.367491
2275,5.49099
2300,1.322622
2278,5.628999
2272,4.347311
2276,0.77033
2277,0.619343
2298,8.320824
2299,6.286275
2296,4.49137
2297,0.79872
2279,4.323635
2662,6.358476
2715,0.970867
2700,1.317357
2703,3.225838
2721,4.606267
2668,2.109134
2669,2.064557
2667,3.177114
2701,2.748883
2364,5.072509
2381,2.27191
2370,4.694611
2371,2.304655
2373,5.687476
2640,2.500862
2639,0.599479
2638,2.771031
2641,1.906261
2642,2.769387
2631,1.052581
2630,0.832684
2632,3.001105
2626,3.731134
2242,14.225502
2244,6.310933
2245,3.947229
2243,1.474651
2241,1.057647
2240,3.099344
2229,14.472119
2223,1.781681
2222,7.679993
2312,13.931566
2310,13.090167
2238,2.676207
2239,1.667147
2313,34.85482
2387,14.614223
2388,9.45767
2384,18.779896
2315,35.492836
2311,28.368679
2445,1.607638
2410,1.073679
2424,1.222411
2386,2.738153
2409,6.181942
2408,5.494945
2404,3.158113
2422,1.152056
2407,3.142377
2402,2.483112
2403,4.165501
2401,2.337898
2400,4.301169
2418,0.497306
2419,0.735577
2421,1.569499
2397,1.810196
2391,5.365022
2398,6.881045
2399,1.736025
2414,0.502108
2413,0.323746
2389,2.677597
2390,8.769499
2432,8.04163
2629,0.604821
2637,4.893353
2643,4.254415
2236,4.505595
2308,12.482125
2309,5.002542
2237,3.92201
2383,3.618607
2423,0.677083
2415,0.260594
2420,0.28264
2416,0.255001
2304,8.605814
2305,10.62482
2303,12.782503
2636,6.088315
2635,1.004971
2307,10.100084
2306,8.481256
2267,13.962671
2380,47.411816
2292,29.710388
2290,2.540813
2741,24.946234
2372,11.312178
2281,3.250196
2274,2.981746
2273,3.902071
2693,25.909443
2702,8.592097
2743,7.987659
2284,4.871007
2289,3.539347
2293,6.326246
2723,5.284685
2291,4.305415
2283,6.147933
2736,3.435732
2730,6.54
2680,9.440108
2661,3.126107
2724,2.084357
2695,1.566396
2708,5.535704
2269,1.464531
2301,0.597075
2285,1.261943
2286,0.68087
3176,2.077118
2684,1.852715
2713,4.071584
2696,3.968996
2707,2.593521
2728,3.325414
2674,2.222207
2727,2.31492
2687,2.977593
2711,5.770424
2726,2.904907
2704,2.43392
2287,0.540944
2288,0.866359
2718,4.969474
2688,1.74498
2734,3.391446
2682,2.720161
2740,0.479197
2686,1.954366
2670,1.983549
2663,2.891565
2698,2.30717
2712,1.88337
2280,5.143148
2295,0.797111
2294,2.16976
2282,1.766308
2264,25.758774
2265,1.69185
2270,2.088507
2268,2.880662
2266,0.342729
2271,1.989266
2337,32.502892
2338,1.972212
2332,22.864101
2336,6.58561
2335,3.669729
2356,4.407533
2340,40.048428
2342,3.424627
2322,0.470933
2323,0.456624
2324,0.831364
2333,4.541163
2334,3.887642
2316,0.66999
2317,0.682127
2358,2.354512
2357,1.724684
2359,1.475171
2411,1.431907
2319,0.429745
2318,0.597291
2321,0.981542
2320,0.577332
2412,0.482169
2453,1.028238
2137,1.194818
2139,3.064633
2448,12.791269
2452,3.704301
2454,0.672512
2136,1.160213
2138,0.400399
2134,2.147576
2130,1.744909
2129,1.877307
2217,11.089439
2218,6.373484
2221,11.532125
2262,6.68883
2261,1.813557
2216,3.421709
2215,1.701224
2204,3.437866
2219,1.374574
2220,1.348645
2455,0.331317
2253,10.393066
2212,12.122983
2449,12.736949
2191,10.534253
2227,3.093728
2256,7.957953
2500,1.476154
2501,1.146307
2464,7.165546
2226,16.445272
2225,32.984245
2144,8.594657
2257,3.973315
2231,6.107113
2230,21.389328
2224,13.963298
2493,6.729398
2465,7.57398
2255,4.140759
2232,7.445181
2659,9.815292
2228,12.90064
2494,5.217358
2492,2.508467
2235,8.497044
2259,2.784192
2206,2.422008
2163,1.315111
2168,1.760041
2142,5.145675
2263,0.746638
2121,1.452011
2120,0.729742
2258,1.858856
2116,0.271878
2117,0.281124
2210,1.960523
2209,1.000446
2208,0.883679
2162,1.393943
2164,1.040802
2211,2.953845
2147,2.116988
2146,1.870505
2248,0.171711
2154,1.313751
2252,1.529201
2122,1.413271
2155,1.892336
2157,0.725001
2158,1.430379
2135,1.627944
2133,1.264697
2118,0.398317
2110,0.536943
2207,1.174002
2159,1.279904
2251,1.206311
2260,1.490221
2148,0.250279
2247,0.259689
2149,0.491463
2246,0.219102
2151,0.431544
2160,0.468885
2250,0.45211
2249,0.608774
2203,1.467816
2152,0.491125
2194,0.250777
2166,0.637997
2195,0.481222
2198,0.984586
2197,0.403812
2196,0.850963
2165,1.320663
2161,3.676622
2182,0.929105
2175,0.441663
2179,0.103165
2199,0.249454
2200,2.342558
2190,0.769462
2202,0.529713
2176,0.374738
2178,0.457229
2180,0.767529
2177,0.254428
2187,0.630221
2186,0.74321
2201,0.389847
2132,0.694506
2131,0.263334
2170,0.18775
2189,0.415601
2183,0.248235
2181,0.538022
2184,0.164455
2185,0.291389
2188,0.318131
2192,0.242878
2193,0.755613
2171,0.188784
2167,0.674129
2108,0.306099
2107,0.218612
2106,0.19048
2109,0.601209
2100,0.223797
2111,0.107244
2105,0.323296
2104,0.138423
1021,0.234592
2103,0.266382
2102,0.260498
2205,0.554943
2214,1.799615
2213,0.422833
2128,1.138709
2141,0.435236
2127,1.359398
2126,0.638158
2140,0.491392
2124,2.625345
2156,2.575246
2143,1.392026
2125,1.066403
2145,0.892881
2150,0.869938
2153,0.416741
2233,3.481065
2234,7.316269
2483,0.781934
2486,0.671866
2484,0.540268
2479,0.298974
2480,0.920238
2482,0.290827
2485,1.070803
2463,0.35007
2459,1.713977
2476,0.638345
2477,0.288138
2460,1.696052
2458,1.003887
2457,0.836016
2461,1.849739
2456,0.717058
2462,0.722163
2450,4.365285
2478,0.319746
2474,0.917756
2472,0.705985
2471,0.690455
2470,0.921348
2469,2.249274
2473,0.750993
2466,3.597776
2468,1.408837
2451,3.629375
2467,3.891127
2475,0.819702
2512,0.396176
2511,0.472215
2489,3.310487
2490,1.38075
2488,1.809808
2510,1.327649
2502,2.552579
2503,1.071694
2491,2.182666
2487,4.134005
2481,0.795557
2504,0.477196
2509,0.747426
2633,12.967299
2655,7.417086
2634,1.040705
2622,1.955401
2654,4.054421
2658,3.022556
2429,28.974358
2430,25.219591
2443,38.268936
2444,58.982525
2436,22.172968
2435,21.936481
2427,17.971525
2426,12.027706
2446,1.419938
2395,12.578314
2396,20.291626
2392,18.059851
2385,21.664257
2314,5.155716
2382,12.758905
2394,10.791273
2393,10.120244
2405,8.862411
2406,2.76341
2417,0.228401
2660,21.763649
2645,4.48252
2644,11.72281
2302,32.22155
2447,2.025653
2080,27.290367
2079,26.342533
2076,30.582851
2069,21.839621
2050,13.142415
2075,9.792882
2082,26.316624
2065,5.453007
2068,11.181707
2084,5.196223
2083,17.955828
2086,5.339523
1867,2.310962
1881,0.788457
1878,2.229892
1928,2.342422
1926,2.072836
1938,1.38488
1932,0.838281
1933,1.358427
1929,2.532771
1931,3.11134
1930,1.30183
1936,6.905663
2004,7.862455
1937,1.357279
1935,1.625818
1934,1.55006
2066,1.591282
2049,5.01723
2048,3.08828
2033,3.849916
1884,2.474797
1883,1.487725
1940,3.55297
2006,2.592037
2007,1.705142
2008,0.962425
2012,1.3505
2005,4.370972
2018,3.497011
2016,2.249206
2013,1.054514
2031,2.193883
2025,2.957581
2046,1.691357
2024,1.800987
2011,1.330455
2010,1.460651
2023,2.393164
2009,1.060487
2014,1.488144
2027,2.940289
2028,3.558954
2045,4.403873
2015,1.706686
2017,0.306293
2087,20.283426
2090,20.320251
2089,12.046038
2091,6.317025
2088,7.477525
2081,12.118354
2073,10.424427
2071,3.853728
2072,1.961718
2085,18.743309
2063,9.804578
2067,3.477924
2058,3.615593
2060,7.625593
1997,2.21885
1996,1.099535
1978,7.06924
1998,1.391633
1995,5.474391
1993,2.467916
1994,0.870721
1973,2.281619
1987,2.287078
1986,1.183724
1985,1.350061
1961,1.019966
1974,2.332682
1976,2.137543
1977,3.270538
1979,1.645125
1947,3.822016
2035,1.630524
1948,1.258883
1956,4.564714
1946,0.889191
1958,1.729079
2034,1.193042
2040,1.712
1957,1.048888
1975,1.413656
1972,0.868373
1964,1.208295
1966,3.024276
1965,0.34363
1962,0.879357
1952,0.706087
1953,3.78849
1967,1.421081
1959,1.416435
1960,1.772709
1969,1.233235
1968,0.665017
1954,0.981152
1955,1.173346
1963,0.856596
1984,0.451119
3585,0.826644
1906,1.678281
1941,0.555102
1943,2.603013
1942,3.138494
1944,2.270374
1950,1.782394
1949,1.232791
1939,1.419065
1951,2.337783
1905,2.017247
1902,1.50953
1904,1.216399
1903,1.06606
1925,1.488975
3586,1.082694
1922,1.286661
1924,0.913218
1909,2.650952
1910,0.677402
1920,1.747801
1915,1.008582
1908,1.400167
1901,0.874681
1898,1.068369
1907,0.550862
1880,2.012335
1889,1.269819
1992,1.6128
1991,1.231562
1970,0.712338
1971,0.621298
1990,1.895495
1989,1.138457
1945,3.384727
2056,2.253582
2057,2.395858
2053,1.778356
2055,2.121931
2003,2.011745
2002,2.301608
2059,2.219799
2001,2.161251
1980,0.801271
2061,1.622424
2062,2.922647
2054,2.572767
2052,3.44999
2043,1.697368
2051,2.824109
2037,0.833577
2038,1.750148
2000,1.361185
1999,1.854368
1983,3.043568
1982,1.860692
2042,1.704783
1981,0.82041
2041,1.108356
2039,2.310673
2036,3.234242
2044,1.093823
2047,3.42837
2074,7.084677
2064,2.548143
2070,2.147201
2650,17.525421
2651,0.749924
2647,2.450574
2612,11.740399
2649,13.831532
3524,10.960179
3476,2.85287
3495,2.185549
3526,7.542098
3498,14.973475
3514,17.286121
3469,6.85057
3468,7.51989
3491,1.630779
3497,2.004071
3496,5.589274
3519,16.95743
3513,7.60002
3505,2.847062
3521,18.216335
3517,11.236892
3518,7.766524
3522,11.271727
3520,6.668507
3515,3.199306
3499,2.31734
3424,1.597258
3500,1.396903
3501,0.683047
3422,0.959005
3421,1.475628
3503,1.590714
3502,1.905949
3467,6.389627
3492,3.96145
3455,1.954935
3456,1.362415
3457,0.621123
3466,6.673636
3493,5.308144
3420,0.723504
3394,6.222556
3395,8.330122
3523,9.759861
3454,20.939384
3453,12.097466
3393,0.778624
3535,32.84243
3529,9.48658
3533,5.05746
3494,2.456186
3504,1.515392
3465,1.57611
3464,10.424714
3532,1.862562
3537,6.282822
3463,4.941352
3531,3.338371
3462,1.50411
2030,3.799076
2032,7.173172
2621,8.820251
2615,0.299681
2617,3.905076
2620,5.199893
2602,3.801679
2601,2.334515
2600,1.310413
2607,3.355809
2618,3.145374
2597,1.296669
2598,0.709683
2596,0.679551
2595,0.705706
2591,0.527241
2594,3.246433
2589,0.744667
2592,0.57166
2593,0.846088
2549,0.699875
2548,0.406119
2550,0.126291
2547,0.327761
2546,0.644109
2544,1.408389
2555,0.433049
2545,2.054864
2536,2.04743
2537,0.554236
2543,0.606627
2523,1.868753
2522,3.310755
2524,6.796529
2529,6.430224
2619,4.031551
2609,4.930513
2608,3.188898
2599,1.070106
2590,0.461111
2542,0.493399
2538,0.585206
2534,2.094316
2533,8.657177
2539,1.290581
3392,1.245693
3389,2.584375
2019,4.10899
2527,4.00256
2526,2.597816
2535,1.216157
2611,6.346559
2610,7.994267
2603,3.259016
2604,3.742997
2606,2.922621
2605,1.828556
2530,1.52917
2531,1.600066
2532,4.540372
2554,0.169596
2576,1.288321
2575,0.446809
2574,0.79105
2563,0.200118
2569,0.264239
2573,0.574333
2564,0.192976
2568,0.357051
2561,0.065894
2559,0.226305
2558,0.115139
2557,0.217082
2565,0.267679
2556,0.254639
2572,0.702799
2577,0.152552
2578,0.199487
2570,0.560941
2567,0.352451
2566,0.505676
2571,1.162083
2541,0.294702
2540,1.017734
2588,0.546915
2587,0.077119
2583,0.182394
2582,0.341678
2584,0.203462
2580,0.165352
2581,0.128603
2579,0.504664
2562,0.403704
2560,0.077415
2552,0.128246
2551,0.21362
2553,0.243335
2586,0.136335
2585,0.158039
2020,4.985133
2021,2.653467
2026,4.376588
2022,3.104404
2029,10.330291
2616,5.175356
3423,1.265692
3397,0.824497
3399,0.349089
3398,0.274974
3396,0.268459
3400,0.385361
3440,1.096773
3441,0.53457
3442,0.862692
3438,1.210521
3439,0.080016
3435,2.22402
3434,0.814973
3433,1.759263
3432,2.132421
3436,1.322603
3450,4.506453
3388,2.387977
3451,5.534754
3449,3.55862
3437,2.457401
3448,3.558892
3406,1.499872
3405,0.71893
3452,6.708728
3390,1.57489
3408,1.390731
3407,0.735532
3425,1.221464
3426,1.029509
3430,3.940961
3431,4.373878
3428,0.633794
3427,1.130687
3429,1.95505
3391,2.42396
3446,0.61967
3447,0.522793
3445,0.722551
3444,0.767467
3443,1.946641
3403,0.613955
3401,0.286137
3414,0.494643
3458,1.117632
3402,0.303428
3404,0.379829
3411,0.408776
3412,0.379922
3460,0.910317
3459,0.592365
3461,1.042008
3413,0.564643
3409,0.587937
3410,0.625409
3418,0.401529
3419,0.485344
3417,0.350855
3416,0.212961
3415,0.25908
3528,8.238762
3539,13.430687
3538,7.053235
3540,18.516157
3560,1.728173
3558,1.784002
3559,1.875965
3534,2.724294
3570,3.702015
3571,7.570616
3569,9.127491
3551,1.556193
3565,1.278552
3525,8.567808
3527,5.796615
3536,8.008284
3568,2.611441
3567,2.234438
3556,1.937785
3541,0.444551
3546,0.713186
3545,0.32108
3554,0.43506
3555,1.078213
3530,3.38132
3557,0.255822
3566,0.894968
3553,0.888091
3552,0.682207
3543,0.187211
3544,0.211474
3561,0.749835
3547,1.125034
3562,0.750499
3563,1.444126
3549,0.292839
3548,0.420451
3564,1.671016
3550,0.683564
3542,0.259724
2078,24.505199
2077,2.39806
3516,7.916905
3511,4.89895
3509,1.885621
3510,1.988711
3512,7.99346
3506,1.522509
3508,1.613141
3507,2.058306
3475,2.070719
3477,0.783706
3479,1.316417
3487,2.998778
3474,0.342556
3488,3.981784
3486,0.390411
3473,0.159679
3483,5.100927
3484,0.730684
3485,0.262067
3482,1.668066
3489,0.521416
3490,0.297099
3478,0.350379
3480,0.247512
3481,0.191363
3472,0.086235
3470,0.058137
3471,0.139624
2093,13.136965
2094,30.367027
2092,29.699228
